  0
SECTION
  2
HEADER
  9
$ACADVER
  1
AC1009
  9
$DWGCODEPAGE
  3
ANSI_1252
  9
$INSBASE
 10
0.0
 20
0.0
 30
0.0
  9
$EXTMIN
 10
1e+20
 20
1e+20
 30
1e+20
  9
$EXTMAX
 10
-1e+20
 20
-1e+20
 30
-1e+20
  9
$LIMMIN
 10
0.0
 20
0.0
  9
$LIMMAX
 10
420.0
 20
297.0
  9
$ORTHOMODE
 70
0
  9
$REGENMODE
 70
1
  9
$FILLMODE
 70
1
  9
$DRAGMODE
 70
2
  9
$QTEXTMODE
 70
0
  9
$MIRRTEXT
 70
1
  9
$OSMODE
 70
20583
  9
$LTSCALE
 40
1.0
  9
$ATTMODE
 70
1
  9
$TEXTSIZE
 40
2.5
  9
$TRACEWID
 40
1.0
  9
$TEXTSTYLE
  7
Standard
  9
$CLAYER
  8
0
  9
$CELTYPE
  6
ByLayer
  9
$CECOLOR
 62
256
  9
$DIMSCALE
 40
1.0
  9
$DIMASZ
 40
2.5
  9
$DIMEXO
 40
0.625
  9
$DIMDLI
 40
3.75
  9
$DIMRND
 40
0.0
  9
$DIMDLE
 40
0.0
  9
$DIMEXE
 40
1.25
  9
$DIMTP
 40
0.0
  9
$DIMTM
 40
0.0
  9
$DIMTXT
 40
2.5
  9
$DIMCEN
 40
2.5
  9
$DIMTSZ
 40
0.0
  9
$DIMTOL
 70
0
  9
$DIMLIM
 70
0
  9
$DIMTIH
 70
0
  9
$DIMTOH
 70
0
  9
$DIMSE1
 70
0
  9
$DIMSE2
 70
0
  9
$DIMTAD
 70
1
  9
$DIMZIN
 70
8
  9
$DIMBLK
  1

  9
$DIMASO
 70
1
  9
$DIMSHO
 70
1
  9
$DIMPOST
  1

  9
$DIMAPOST
  1

  9
$DIMALT
 70
0
  9
$DIMALTD
 70
3
  9
$DIMALTF
 40
0.03937007874
  9
$DIMLFAC
 40
1.0
  9
$DIMTOFL
 70
1
  9
$DIMTVP
 40
0.0
  9
$DIMTIX
 70
0
  9
$DIMSOXD
 70
0
  9
$DIMSAH
 70
0
  9
$DIMBLK1
  1

  9
$DIMBLK2
  1

  9
$DIMSTYLE
  2
ISO-25
  9
$DIMCLRD
 70
0
  9
$DIMCLRE
 70
0
  9
$DIMCLRT
 70
0
  9
$DIMTFAC
 40
1.0
  9
$DIMGAP
 40
0.625
  9
$COORDS
 70
1
  9
$ATTDIA
 70
0
  9
$ATTREQ
 70
1
  9
$HANDLING
 70
1
  9
$LUNITS
 70
2
  9
$LUPREC
 70
4
  9
$SKETCHINC
 40
1.0
  9
$FILLETRAD
 40
10.0
  9
$AUNITS
 70
0
  9
$AUPREC
 70
2
  9
$MENU
  1
.
  9
$ELEVATION
 40
0.0
  9
$PELEVATION
 40
0.0
  9
$THICKNESS
 40
0.0
  9
$LIMCHECK
 70
0
  9
$CHAMFERA
 40
0.0
  9
$CHAMFERB
 40
0.0
  9
$SKPOLY
 70
0
  9
$TDCREATE
 40
2461276.7295023147
  9
$TDUPDATE
 40
2461276.7295023147
  9
$TDINDWG
 40
0.0
  9
$TDUSRTIMER
 40
0.0
  9
$USRTIMER
 70
1
  9
$ANGBASE
 50
0.0
  9
$ANGDIR
 70
0
  9
$PDMODE
 70
0
  9
$PDSIZE
 40
0.0
  9
$PLINEWID
 40
0.0
  9
$SPLFRAME
 70
0
  9
$SPLINETYPE
 70
6
  9
$SPLINESEGS
 70
8
  9
$HANDSEED
  5
86B
  9
$SURFTAB1
 70
6
  9
$SURFTAB2
 70
6
  9
$SURFTYPE
 70
6
  9
$SURFU
 70
6
  9
$SURFV
 70
6
  9
$UCSNAME
  2

  9
$UCSORG
 10
0.0
 20
0.0
 30
0.0
  9
$UCSXDIR
 10
1.0
 20
0.0
 30
0.0
  9
$UCSYDIR
 10
0.0
 20
1.0
 30
0.0
  9
$PUCSNAME
  2

  9
$PUCSORG
 10
0.0
 20
0.0
 30
0.0
  9
$PUCSXDIR
 10
1.0
 20
0.0
 30
0.0
  9
$PUCSYDIR
 10
0.0
 20
1.0
 30
0.0
  9
$USERI1
 70
0
  9
$USERI2
 70
0
  9
$USERI3
 70
0
  9
$USERI4
 70
0
  9
$USERI5
 70
0
  9
$USERR1
 40
0.0
  9
$USERR2
 40
0.0
  9
$USERR3
 40
0.0
  9
$USERR4
 40
0.0
  9
$USERR5
 40
0.0
  9
$WORLDVIEW
 70
1
  9
$SHADEDGE
 70
3
  9
$SHADEDIF
 70
70
  9
$TILEMODE
 70
1
  9
$MAXACTVP
 70
64
  9
$PLIMCHECK
 70
0
  9
$PEXTMIN
 10
1e+20
 20
1e+20
 30
1e+20
  9
$PEXTMAX
 10
-1e+20
 20
-1e+20
 30
-1e+20
  9
$PLIMMIN
 10
0.0
 20
0.0
  9
$PLIMMAX
 10
420.0
 20
297.0
  9
$UNITMODE
 70
0
  9
$VISRETAIN
 70
1
  9
$PLINEGEN
 70
0
  9
$PSLTSCALE
 70
1
  0
ENDSEC
  0
SECTION
  2
TABLES
  0
TABLE
  2
VPORT
 70
1
  0
VPORT
  5
23
  2
*Active
 70
0
 10
0.0
 20
0.0
 11
1.0
 21
1.0
 12
0.0
 22
0.0
 13
0.0
 23
0.0
 14
0.5
 24
0.5
 15
0.5
 25
0.5
 16
0.0
 26
0.0
 36
1.0
 17
0.0
 27
0.0
 37
0.0
 40
1000.0
 41
1.34
 42
50.0
 43
0.0
 44
0.0
 50
0.0
 51
0.0
 71
0
 72
1000
 73
1
 74
3
 75
0
 76
0
 77
0
 78
0
  0
ENDTAB
  0
TABLE
  2
LTYPE
 70
3
  0
LTYPE
  5
24
  2
ByBlock
 70
0
  3

 72
65
 73
0
 40
0.0
  0
LTYPE
  5
25
  2
ByLayer
 70
0
  3

 72
65
 73
0
 40
0.0
  0
LTYPE
  5
26
  2
Continuous
 70
0
  3

 72
65
 73
0
 40
0.0
  0
ENDTAB
  0
TABLE
  2
LAYER
 70
6
  0
LAYER
  5
27
  2
0
 70
0
 62
7
  6
Continuous
  0
LAYER
  5
28
  2
Defpoints
 70
0
 62
7
  6
Continuous
  0
LAYER
  5
2D
  2
A-WALL
 70
0
 62
7
  6
Continuous
  0
LAYER
  5
2E
  2
A-FURN
 70
0
 62
30
  6
Continuous
  0
LAYER
  5
2F
  2
A-DIMS
 70
0
 62
1
  6
Continuous
  0
LAYER
  5
30
  2
A-ANNO
 70
0
 62
3
  6
Continuous
  0
ENDTAB
  0
TABLE
  2
STYLE
 70
1
  0
STYLE
  5
29
  2
Standard
 70
0
 40
0.0
 41
1.0
 50
0.0
 71
0
 42
2.5
  3
txt
  4

  0
ENDTAB
  0
TABLE
  2
VIEW
 70
0
  0
ENDTAB
  0
TABLE
  2
UCS
 70
0
  0
ENDTAB
  0
TABLE
  2
APPID
 70
3
  0
APPID
  5
2A
  2
ACAD
 70
0
  0
APPID
  5
869
  2
HATCHBACKGROUNDCOLOR
 70
0
  0
APPID
  5
86A
  2
EZDXF
 70
0
  0
ENDTAB
  0
TABLE
  2
DIMSTYLE
 70
1
  0
DIMSTYLE
105
2B
  2
Standard
 70
0
  3

  4

  5

  6

  7

 40
1.0
 41
2.5
 42
0.625
 43
3.75
 44
1.25
 45
0.0
 46
0.0
 47
0.0
 48
0.0
140
2.5
141
2.5
142
0.0
143
0.03937007874
144
1.0
145
0.0
146
1.0
147
0.625
 71
0
 72
0
 73
0
 74
0
 75
0
 76
0
 77
1
 78
8
170
0
171
3
172
1
173
0
174
0
175
0
176
0
177
0
178
0
  0
ENDTAB
  0
ENDSEC
  0
SECTION
  2
BLOCKS
  0
BLOCK
  5
18
  8
0
  2
$Model_Space
 70
0
 10
0.0
 20
0.0
 30
0.0
  3
$Model_Space
  1

1001
EZDXF
1000
CREATED_BY_EZDXF
1000
1.4.4 @ 2026-08-23T14:00:29.386579+00:00
1000
WRITTEN_BY_EZDXF
1000
1.4.4 @ 2026-08-23T14:00:29.405232+00:00
  0
ENDBLK
  5
19
  8
0
  0
BLOCK
  5
1C
  8
0
  2
$Paper_Space
 70
0
 10
0.0
 20
0.0
 30
0.0
  3
$Paper_Space
  1

  0
ENDBLK
  5
1D
  8
0
  0
ENDSEC
  0
SECTION
  2
ENTITIES
  0
TEXT
  5
31
  8
A-ANNO
 10
7.09525
 20
4.98775
 30
0.0
 40
0.28
  1
Kitchen & Dining Area
 72
1
 11
7.09525
 21
4.98775
 31
0.0
 73
2
  0
TEXT
  5
32
  8
A-ANNO
 10
7.09525
 20
4.70675
 30
0.0
 40
0.24
  1
14.8 m2
 72
1
 11
7.09525
 21
4.70675
 31
0.0
 73
2
  0
TEXT
  5
33
  8
A-ANNO
 10
10.32675
 20
5.69025
 30
0.0
 40
0.28
  1
Bathroom
 72
1
 11
10.32675
 21
5.69025
 31
0.0
 73
2
  0
TEXT
  5
34
  8
A-ANNO
 10
10.32675
 20
5.40925
 30
0.0
 40
0.24
  1
4.5 m2
 72
1
 11
10.32675
 21
5.40925
 31
0.0
 73
2
  0
TEXT
  5
35
  8
A-ANNO
 10
11.31025
 20
4.6365
 30
0.0
 40
0.28
  1
Entry Hall
 72
1
 11
11.31025
 21
4.6365
 31
0.0
 73
2
  0
TEXT
  5
36
  8
A-ANNO
 10
11.31025
 20
4.3555
 30
0.0
 40
0.24
  1
6.2 m2
 72
1
 11
11.31025
 21
4.3555
 31
0.0
 73
2
  0
TEXT
  5
37
  8
A-ANNO
 10
7.51675
 20
2.81
 30
0.0
 40
0.28
  1
Living Area
 72
1
 11
7.51675
 21
2.81
 31
0.0
 73
2
  0
TEXT
  5
38
  8
A-ANNO
 10
7.51675
 20
2.529
 30
0.0
 40
0.24
  1
21.4 m2
 72
1
 11
7.51675
 21
2.529
 31
0.0
 73
2
  0
TEXT
  5
39
  8
A-ANNO
 10
9.76475
 20
3.30175
 30
0.0
 40
0.28
  1
Bedroom
 72
1
 11
9.76475
 21
3.30175
 31
0.0
 73
2
  0
TEXT
  5
3A
  8
A-ANNO
 10
9.76475
 20
3.02075
 30
0.0
 40
0.24
  1
9.6 m2
 72
1
 11
9.76475
 21
3.02075
 31
0.0
 73
2
  0
TEXT
  5
3B
  8
A-ANNO
 10
1.2926
 20
3.934
 30
0.0
 40
0.28
  1
Balcony
 72
1
 11
1.2926
 21
3.934
 31
0.0
 73
2
  0
TEXT
  5
3C
  8
A-ANNO
 10
1.2926
 20
3.653
 30
0.0
 40
0.24
  1
9.8 m2
 72
1
 11
1.2926
 21
3.653
 31
0.0
 73
2
  0
TEXT
  5
3D
  8
A-ANNO
 10
6.67375
 20
0.4496
 30
0.0
 40
0.35
  1
TOTAL AREA = 71 m2
 72
1
 11
6.67375
 21
0.4496
 31
0.0
 73
2
  0
TEXT
  5
3E
  8
A-DIMS
 10
6.463
 20
1.0116
 30
0.0
 40
0.25
  1
5.37 m
 72
1
 11
6.463
 21
1.0116
 31
0.0
 73
2
  0
TEXT
  5
3F
  8
A-DIMS
 10
9.48375
 20
1.0116
 30
0.0
 40
0.25
  1
3.68 m
 72
1
 11
9.48375
 21
1.0116
 31
0.0
 73
2
  0
TEXT
  5
40
  8
A-DIMS
 10
10.959
 20
6.3225
 30
0.0
 40
0.25
  1
1.63 m
 72
1
 11
10.959
 21
6.3225
 31
0.0
 73
2
  0
TEXT
  5
41
  8
A-DIMS
 10
10.959
 20
4.3555
 30
0.0
 40
0.25
  1
2.49 m
 72
1
 11
10.959
 21
4.3555
 31
0.0
 73
2
  0
TEXT
  5
42
  8
A-DIMS
 10
10.959
 20
2.1075
 30
0.0
 40
0.25
  1
2.78 m
 72
1
 11
10.959
 21
2.1075
 31
0.0
 73
2
  0
LINE
  5
43
  8
A-DIMS
 10
4.5522
 20
0.484725
 30
0.0
 11
4.496
 21
0.4215
 31
0.0
  0
LINE
  5
44
  8
A-DIMS
 10
4.496
 20
0.4215
 30
0.0
 11
4.496
 21
0.35125
 31
0.0
  0
LINE
  5
45
  8
A-DIMS
 10
4.496
 20
0.35125
 30
0.0
 11
4.531125
 21
0.29505
 31
0.0
  0
LINE
  5
46
  8
A-DIMS
 10
4.531125
 20
0.29505
 30
0.0
 11
4.601375
 21
0.281
 31
0.0
  0
LINE
  5
47
  8
A-DIMS
 10
4.601375
 20
0.281
 30
0.0
 11
4.6646
 21
0.35125
 31
0.0
  0
LINE
  5
48
  8
A-DIMS
 10
4.6646
 20
0.35125
 30
0.0
 11
4.6646
 21
0.414475
 31
0.0
  0
LINE
  5
49
  8
A-DIMS
 10
4.6646
 20
0.414475
 30
0.0
 11
4.6084
 21
0.484725
 31
0.0
  0
LINE
  5
4A
  8
A-DIMS
 10
4.6084
 20
0.484725
 30
0.0
 11
4.5522
 21
0.484725
 31
0.0
  0
LINE
  5
4B
  8
A-DIMS
 10
4.559225
 20
0.46365
 30
0.0
 11
4.601375
 21
0.46365
 31
0.0
  0
LINE
  5
4C
  8
A-DIMS
 10
4.601375
 20
0.46365
 30
0.0
 11
4.643525
 21
0.400425
 31
0.0
  0
LINE
  5
4D
  8
A-DIMS
 10
4.643525
 20
0.400425
 30
0.0
 11
4.6365
 21
0.344225
 31
0.0
  0
LINE
  5
4E
  8
A-DIMS
 10
4.6365
 20
0.344225
 30
0.0
 11
4.601375
 21
0.302075
 31
0.0
  0
LINE
  5
4F
  8
A-DIMS
 10
4.601375
 20
0.302075
 30
0.0
 11
4.559225
 21
0.302075
 31
0.0
  0
LINE
  5
50
  8
A-DIMS
 10
4.559225
 20
0.302075
 30
0.0
 11
4.517075
 21
0.358275
 31
0.0
  0
LINE
  5
51
  8
A-DIMS
 10
4.517075
 20
0.358275
 30
0.0
 11
4.5241
 21
0.428525
 31
0.0
  0
LINE
  5
52
  8
A-DIMS
 10
4.5241
 20
0.428525
 30
0.0
 11
4.559225
 21
0.46365
 31
0.0
  0
LINE
  5
53
  8
A-DIMS
 10
4.3274
 20
0.484725
 30
0.0
 11
4.3274
 21
0.46365
 31
0.0
  0
LINE
  5
54
  8
A-DIMS
 10
4.3274
 20
0.46365
 30
0.0
 11
4.39765
 21
0.456625
 31
0.0
  0
LINE
  5
55
  8
A-DIMS
 10
4.39765
 20
0.456625
 30
0.0
 11
4.390625
 21
0.288025
 31
0.0
  0
LINE
  5
56
  8
A-DIMS
 10
4.390625
 20
0.288025
 30
0.0
 11
4.4117
 21
0.281
 31
0.0
  0
LINE
  5
57
  8
A-DIMS
 10
4.4117
 20
0.281
 30
0.0
 11
4.4117
 21
0.456625
 31
0.0
  0
LINE
  5
58
  8
A-DIMS
 10
4.4117
 20
0.456625
 30
0.0
 11
4.474925
 21
0.46365
 31
0.0
  0
LINE
  5
59
  8
A-DIMS
 10
4.474925
 20
0.46365
 30
0.0
 11
4.48195
 21
0.484725
 31
0.0
  0
LINE
  5
5A
  8
A-DIMS
 10
4.48195
 20
0.484725
 30
0.0
 11
4.3274
 21
0.484725
 31
0.0
  0
LINE
  5
5B
  8
A-DIMS
 10
1.967
 20
0.80085
 30
0.0
 11
2.00915
 21
0.779775
 31
0.0
  0
LINE
  5
5C
  8
A-DIMS
 10
2.00915
 20
0.779775
 30
0.0
 11
2.00915
 21
0.74465
 31
0.0
  0
LINE
  5
5D
  8
A-DIMS
 10
2.00915
 20
0.74465
 30
0.0
 11
2.030225
 21
0.7867999999999999
 31
0.0
  0
LINE
  5
5E
  8
A-DIMS
 10
2.030225
 20
0.7867999999999999
 30
0.0
 11
7.12335
 21
0.7867999999999999
 31
0.0
  0
LINE
  5
5F
  8
A-DIMS
 10
7.12335
 20
0.7867999999999999
 30
0.0
 11
7.12335
 21
0.7587
 31
0.0
  0
LINE
  5
60
  8
A-DIMS
 10
7.12335
 20
0.7587
 30
0.0
 11
7.144425
 21
0.751675
 31
0.0
  0
LINE
  5
61
  8
A-DIMS
 10
7.144425
 20
0.751675
 30
0.0
 11
7.15145
 21
0.7867999999999999
 31
0.0
  0
LINE
  5
62
  8
A-DIMS
 10
7.15145
 20
0.7867999999999999
 30
0.0
 11
10.628825
 21
0.793825
 31
0.0
  0
LINE
  5
63
  8
A-DIMS
 10
10.628825
 20
0.793825
 30
0.0
 11
10.6499
 21
0.74465
 31
0.0
  0
LINE
  5
64
  8
A-DIMS
 10
10.6499
 20
0.74465
 30
0.0
 11
10.678
 21
0.793825
 31
0.0
  0
LINE
  5
65
  8
A-DIMS
 10
10.678
 20
0.793825
 30
0.0
 11
10.656925
 21
0.807875
 31
0.0
  0
LINE
  5
66
  8
A-DIMS
 10
10.656925
 20
0.807875
 30
0.0
 11
10.656925
 21
0.934325
 31
0.0
  0
LINE
  5
67
  8
A-DIMS
 10
10.656925
 20
0.934325
 30
0.0
 11
10.63585
 21
0.9273
 31
0.0
  0
LINE
  5
68
  8
A-DIMS
 10
10.63585
 20
0.9273
 30
0.0
 11
10.63585
 21
0.80085
 31
0.0
  0
LINE
  5
69
  8
A-DIMS
 10
10.63585
 20
0.80085
 30
0.0
 11
8.703975
 21
0.80085
 31
0.0
  0
LINE
  5
6A
  8
A-DIMS
 10
8.703975
 20
0.80085
 30
0.0
 11
8.711
 21
0.8711
 31
0.0
  0
LINE
  5
6B
  8
A-DIMS
 10
8.711
 20
0.8711
 30
0.0
 11
8.689925
 21
0.864075
 31
0.0
  0
LINE
  5
6C
  8
A-DIMS
 10
8.689925
 20
0.864075
 30
0.0
 11
8.689925
 21
0.80085
 31
0.0
  0
LINE
  5
6D
  8
A-DIMS
 10
8.689925
 20
0.80085
 30
0.0
 11
7.15145
 21
0.80085
 31
0.0
  0
LINE
  5
6E
  8
A-DIMS
 10
7.15145
 20
0.80085
 30
0.0
 11
7.1374
 21
0.8149
 31
0.0
  0
LINE
  5
6F
  8
A-DIMS
 10
7.1374
 20
0.8149
 30
0.0
 11
7.144425
 21
0.934325
 31
0.0
  0
LINE
  5
70
  8
A-DIMS
 10
7.144425
 20
0.934325
 30
0.0
 11
7.12335
 21
0.9273
 31
0.0
  0
LINE
  5
71
  8
A-DIMS
 10
7.12335
 20
0.9273
 30
0.0
 11
7.12335
 21
0.80085
 31
0.0
  0
LINE
  5
72
  8
A-DIMS
 10
7.12335
 20
0.80085
 30
0.0
 11
4.3836
 21
0.80085
 31
0.0
  0
LINE
  5
73
  8
A-DIMS
 10
4.3836
 20
0.80085
 30
0.0
 11
4.390625
 21
0.8711
 31
0.0
  0
LINE
  5
74
  8
A-DIMS
 10
4.390625
 20
0.8711
 30
0.0
 11
4.36955
 21
0.864075
 31
0.0
  0
LINE
  5
75
  8
A-DIMS
 10
4.36955
 20
0.864075
 30
0.0
 11
4.3836
 21
0.835975
 31
0.0
  0
LINE
  5
76
  8
A-DIMS
 10
4.3836
 20
0.835975
 30
0.0
 11
4.36955
 21
0.80085
 31
0.0
  0
LINE
  5
77
  8
A-DIMS
 10
4.36955
 20
0.80085
 30
0.0
 11
2.030225
 21
0.80085
 31
0.0
  0
LINE
  5
78
  8
A-DIMS
 10
2.030225
 20
0.80085
 30
0.0
 11
2.016175
 21
0.8149
 31
0.0
  0
LINE
  5
79
  8
A-DIMS
 10
2.016175
 20
0.8149
 30
0.0
 11
2.0232
 21
0.934325
 31
0.0
  0
LINE
  5
7A
  8
A-DIMS
 10
2.0232
 20
0.934325
 30
0.0
 11
2.00915
 21
0.934325
 31
0.0
  0
LINE
  5
7B
  8
A-DIMS
 10
2.00915
 20
0.934325
 30
0.0
 11
2.00915
 21
0.807875
 31
0.0
  0
LINE
  5
7C
  8
A-DIMS
 10
2.00915
 20
0.807875
 30
0.0
 11
1.967
 21
0.80085
 31
0.0
  0
LINE
  5
7D
  8
A-DIMS
 10
4.7489
 20
0.9554
 30
0.0
 11
4.755925
 21
0.843
 31
0.0
  0
LINE
  5
7E
  8
A-DIMS
 10
4.755925
 20
0.843
 30
0.0
 11
4.777
 21
0.850025
 31
0.0
  0
LINE
  5
7F
  8
A-DIMS
 10
4.777
 20
0.850025
 30
0.0
 11
4.769975
 21
0.9273
 31
0.0
  0
LINE
  5
80
  8
A-DIMS
 10
4.769975
 20
0.9273
 30
0.0
 11
4.79105
 21
0.948375
 31
0.0
  0
LINE
  5
81
  8
A-DIMS
 10
4.79105
 20
0.948375
 30
0.0
 11
4.81915
 21
0.934325
 31
0.0
  0
LINE
  5
82
  8
A-DIMS
 10
4.81915
 20
0.934325
 30
0.0
 11
4.826175
 21
0.843
 31
0.0
  0
LINE
  5
83
  8
A-DIMS
 10
4.826175
 20
0.843
 30
0.0
 11
4.840225
 21
0.850025
 31
0.0
  0
LINE
  5
84
  8
A-DIMS
 10
4.840225
 20
0.850025
 30
0.0
 11
4.840225
 21
0.9273
 31
0.0
  0
LINE
  5
85
  8
A-DIMS
 10
4.840225
 20
0.9273
 30
0.0
 11
4.8613
 21
0.948375
 31
0.0
  0
LINE
  5
86
  8
A-DIMS
 10
4.8613
 20
0.948375
 30
0.0
 11
4.8894
 21
0.934325
 31
0.0
  0
LINE
  5
87
  8
A-DIMS
 10
4.8894
 20
0.934325
 30
0.0
 11
4.8894
 21
0.850025
 31
0.0
  0
LINE
  5
88
  8
A-DIMS
 10
4.8894
 20
0.850025
 30
0.0
 11
4.910475
 21
0.850025
 31
0.0
  0
LINE
  5
89
  8
A-DIMS
 10
4.910475
 20
0.850025
 30
0.0
 11
4.90345
 21
0.9554
 31
0.0
  0
LINE
  5
8A
  8
A-DIMS
 10
4.90345
 20
0.9554
 30
0.0
 11
4.7489
 21
0.9554
 31
0.0
  0
LINE
  5
8B
  8
A-DIMS
 10
8.5986
 20
1.0116
 30
0.0
 11
8.55645
 21
0.96945
 31
0.0
  0
LINE
  5
8C
  8
A-DIMS
 10
8.55645
 20
0.96945
 30
0.0
 11
8.577525
 21
0.962425
 31
0.0
  0
LINE
  5
8D
  8
A-DIMS
 10
8.577525
 20
0.962425
 30
0.0
 11
8.5986
 21
0.990525
 31
0.0
  0
LINE
  5
8E
  8
A-DIMS
 10
8.5986
 20
0.990525
 30
0.0
 11
8.633725
 21
0.976475
 31
0.0
  0
LINE
  5
8F
  8
A-DIMS
 10
8.633725
 20
0.976475
 30
0.0
 11
8.5986
 21
0.920275
 31
0.0
  0
LINE
  5
90
  8
A-DIMS
 10
8.5986
 20
0.920275
 30
0.0
 11
8.619675
 21
0.9273
 31
0.0
  0
LINE
  5
91
  8
A-DIMS
 10
8.619675
 20
0.9273
 30
0.0
 11
8.64075
 21
0.878125
 31
0.0
  0
LINE
  5
92
  8
A-DIMS
 10
8.64075
 20
0.878125
 30
0.0
 11
8.5986
 21
0.85705
 31
0.0
  0
LINE
  5
93
  8
A-DIMS
 10
8.5986
 20
0.85705
 30
0.0
 11
8.55645
 21
0.892175
 31
0.0
  0
LINE
  5
94
  8
A-DIMS
 10
8.55645
 20
0.892175
 30
0.0
 11
8.55645
 21
0.8711
 31
0.0
  0
LINE
  5
95
  8
A-DIMS
 10
8.55645
 20
0.8711
 30
0.0
 11
8.591575
 21
0.843
 31
0.0
  0
LINE
  5
96
  8
A-DIMS
 10
8.591575
 20
0.843
 30
0.0
 11
8.6267
 21
0.843
 31
0.0
  0
LINE
  5
97
  8
A-DIMS
 10
8.6267
 20
0.843
 30
0.0
 11
8.661825
 21
0.878125
 31
0.0
  0
LINE
  5
98
  8
A-DIMS
 10
8.661825
 20
0.878125
 30
0.0
 11
8.661825
 21
0.91325
 31
0.0
  0
LINE
  5
99
  8
A-DIMS
 10
8.661825
 20
0.91325
 30
0.0
 11
8.64075
 21
0.9273
 31
0.0
  0
LINE
  5
9A
  8
A-DIMS
 10
8.64075
 20
0.9273
 30
0.0
 11
8.6548
 21
0.976475
 31
0.0
  0
LINE
  5
9B
  8
A-DIMS
 10
8.6548
 20
0.976475
 30
0.0
 11
8.5986
 21
1.0116
 31
0.0
  0
LINE
  5
9C
  8
A-DIMS
 10
4.657575
 20
1.0116
 30
0.0
 11
4.5522
 21
1.004575
 31
0.0
  0
LINE
  5
9D
  8
A-DIMS
 10
4.5522
 20
1.004575
 30
0.0
 11
4.629475
 21
0.9835
 31
0.0
  0
LINE
  5
9E
  8
A-DIMS
 10
4.629475
 20
0.9835
 30
0.0
 11
4.5803
 21
0.843
 31
0.0
  0
LINE
  5
9F
  8
A-DIMS
 10
4.5803
 20
0.843
 30
0.0
 11
4.601375
 21
0.850025
 31
0.0
  0
LINE
  5
A0
  8
A-DIMS
 10
4.601375
 20
0.850025
 30
0.0
 11
4.657575
 21
1.0116
 31
0.0
  0
LINE
  5
A1
  8
A-DIMS
 10
4.474925
 20
1.0116
 30
0.0
 11
4.432775
 21
0.9835
 31
0.0
  0
LINE
  5
A2
  8
A-DIMS
 10
4.432775
 20
0.9835
 30
0.0
 11
4.432775
 21
0.962425
 31
0.0
  0
LINE
  5
A3
  8
A-DIMS
 10
4.432775
 20
0.962425
 30
0.0
 11
4.488975
 21
0.990525
 31
0.0
  0
LINE
  5
A4
  8
A-DIMS
 10
4.488975
 20
0.990525
 30
0.0
 11
4.51005
 21
0.9554
 31
0.0
  0
LINE
  5
A5
  8
A-DIMS
 10
4.51005
 20
0.9554
 30
0.0
 11
4.4679
 21
0.9273
 31
0.0
  0
LINE
  5
A6
  8
A-DIMS
 10
4.4679
 20
0.9273
 30
0.0
 11
4.503025
 21
0.920275
 31
0.0
  0
LINE
  5
A7
  8
A-DIMS
 10
4.503025
 20
0.920275
 30
0.0
 11
4.517075
 21
0.88515
 31
0.0
  0
LINE
  5
A8
  8
A-DIMS
 10
4.517075
 20
0.88515
 30
0.0
 11
4.488975
 21
0.85705
 31
0.0
  0
LINE
  5
A9
  8
A-DIMS
 10
4.488975
 20
0.85705
 30
0.0
 11
4.4398
 21
0.892175
 31
0.0
  0
LINE
  5
AA
  8
A-DIMS
 10
4.4398
 20
0.892175
 30
0.0
 11
4.42575
 21
0.878125
 31
0.0
  0
LINE
  5
AB
  8
A-DIMS
 10
4.42575
 20
0.878125
 30
0.0
 11
4.446825
 21
0.850025
 31
0.0
  0
LINE
  5
AC
  8
A-DIMS
 10
4.446825
 20
0.850025
 30
0.0
 11
4.496
 21
0.843
 31
0.0
  0
LINE
  5
AD
  8
A-DIMS
 10
4.496
 20
0.843
 30
0.0
 11
4.53815
 21
0.8992
 31
0.0
  0
LINE
  5
AE
  8
A-DIMS
 10
4.53815
 20
0.8992
 30
0.0
 11
4.51005
 21
0.934325
 31
0.0
  0
LINE
  5
AF
  8
A-DIMS
 10
4.51005
 20
0.934325
 30
0.0
 11
4.5241
 21
0.9835
 31
0.0
  0
LINE
  5
B0
  8
A-DIMS
 10
4.5241
 20
0.9835
 30
0.0
 11
4.474925
 21
1.0116
 31
0.0
  0
LINE
  5
B1
  8
A-DIMS
 10
4.264175
 20
1.0116
 30
0.0
 11
4.2431
 21
0.9273
 31
0.0
  0
LINE
  5
B2
  8
A-DIMS
 10
4.2431
 20
0.9273
 30
0.0
 11
4.306325
 21
0.934325
 31
0.0
  0
LINE
  5
B3
  8
A-DIMS
 10
4.306325
 20
0.934325
 30
0.0
 11
4.3274
 21
0.88515
 31
0.0
  0
LINE
  5
B4
  8
A-DIMS
 10
4.3274
 20
0.88515
 30
0.0
 11
4.2993
 21
0.85705
 31
0.0
  0
LINE
  5
B5
  8
A-DIMS
 10
4.2993
 20
0.85705
 30
0.0
 11
4.250125
 21
0.892175
 31
0.0
  0
LINE
  5
B6
  8
A-DIMS
 10
4.250125
 20
0.892175
 30
0.0
 11
4.236075
 21
0.8711
 31
0.0
  0
LINE
  5
B7
  8
A-DIMS
 10
4.236075
 20
0.8711
 30
0.0
 11
4.2712
 21
0.843
 31
0.0
  0
LINE
  5
B8
  8
A-DIMS
 10
4.2712
 20
0.843
 30
0.0
 11
4.306325
 21
0.843
 31
0.0
  0
LINE
  5
B9
  8
A-DIMS
 10
4.306325
 20
0.843
 30
0.0
 11
4.348475
 21
0.88515
 31
0.0
  0
LINE
  5
BA
  8
A-DIMS
 10
4.348475
 20
0.88515
 30
0.0
 11
4.348475
 21
0.91325
 31
0.0
  0
LINE
  5
BB
  8
A-DIMS
 10
4.348475
 20
0.91325
 30
0.0
 11
4.306325
 21
0.9554
 31
0.0
  0
LINE
  5
BC
  8
A-DIMS
 10
4.306325
 20
0.9554
 30
0.0
 11
4.2712
 21
0.948375
 31
0.0
  0
LINE
  5
BD
  8
A-DIMS
 10
4.2712
 20
0.948375
 30
0.0
 11
4.264175
 21
0.976475
 31
0.0
  0
LINE
  5
BE
  8
A-DIMS
 10
4.264175
 20
0.976475
 30
0.0
 11
4.34145
 21
1.004575
 31
0.0
  0
LINE
  5
BF
  8
A-DIMS
 10
4.34145
 20
1.004575
 30
0.0
 11
4.264175
 21
1.0116
 31
0.0
  0
LINE
  5
C0
  8
A-WALL
 10
10.937925
 20
2.51495
 30
0.0
 11
10.937925
 21
2.409575
 31
0.0
  0
LINE
  5
C1
  8
A-WALL
 10
10.937925
 20
2.409575
 30
0.0
 11
10.959
 21
2.4166
 31
0.0
  0
LINE
  5
C2
  8
A-WALL
 10
10.959
 20
2.4166
 30
0.0
 11
10.959
 21
2.48685
 31
0.0
  0
LINE
  5
C3
  8
A-WALL
 10
10.959
 20
2.48685
 30
0.0
 11
11.0152
 21
2.451725
 31
0.0
  0
LINE
  5
C4
  8
A-WALL
 10
11.0152
 20
2.451725
 30
0.0
 11
11.106525
 21
2.437675
 31
0.0
  0
LINE
  5
C5
  8
A-WALL
 10
11.106525
 20
2.437675
 30
0.0
 11
11.092475
 21
2.45875
 31
0.0
  0
LINE
  5
C6
  8
A-WALL
 10
11.092475
 20
2.45875
 30
0.0
 11
11.050325
 21
2.45875
 31
0.0
  0
LINE
  5
C7
  8
A-WALL
 10
11.050325
 20
2.45875
 30
0.0
 11
10.937925
 21
2.51495
 31
0.0
  0
LINE
  5
C8
  8
A-WALL
 10
10.9309
 20
2.592225
 30
0.0
 11
10.951975
 21
2.550075
 31
0.0
  0
LINE
  5
C9
  8
A-WALL
 10
10.951975
 20
2.550075
 30
0.0
 11
10.9871
 21
2.54305
 31
0.0
  0
LINE
  5
CA
  8
A-WALL
 10
10.9871
 20
2.54305
 30
0.0
 11
11.008175
 21
2.564125
 31
0.0
  0
LINE
  5
CB
  8
A-WALL
 10
11.008175
 20
2.564125
 30
0.0
 11
11.036275
 21
2.536025
 31
0.0
  0
LINE
  5
CC
  8
A-WALL
 10
11.036275
 20
2.536025
 30
0.0
 11
11.078425
 21
2.54305
 31
0.0
  0
LINE
  5
CD
  8
A-WALL
 10
11.078425
 20
2.54305
 30
0.0
 11
11.106525
 21
2.5852
 31
0.0
  0
LINE
  5
CE
  8
A-WALL
 10
11.106525
 20
2.5852
 30
0.0
 11
11.0714
 21
2.6414
 31
0.0
  0
LINE
  5
CF
  8
A-WALL
 10
11.0714
 20
2.6414
 30
0.0
 11
11.02925
 21
2.6414
 31
0.0
  0
LINE
  5
D0
  8
A-WALL
 10
11.02925
 20
2.6414
 30
0.0
 11
11.0152
 21
2.620325
 31
0.0
  0
LINE
  5
D1
  8
A-WALL
 10
11.0152
 20
2.620325
 30
0.0
 11
10.97305
 21
2.6414
 31
0.0
  0
LINE
  5
D2
  8
A-WALL
 10
10.97305
 20
2.6414
 30
0.0
 11
10.9309
 21
2.592225
 31
0.0
  0
LINE
  5
D3
  8
A-WALL
 10
10.97305
 20
2.620325
 30
0.0
 11
11.00115
 21
2.606275
 31
0.0
  0
LINE
  5
D4
  8
A-WALL
 10
11.00115
 20
2.606275
 30
0.0
 11
10.9871
 21
2.564125
 31
0.0
  0
LINE
  5
D5
  8
A-WALL
 10
10.9871
 20
2.564125
 30
0.0
 11
10.951975
 21
2.578175
 31
0.0
  0
LINE
  5
D6
  8
A-WALL
 10
10.951975
 20
2.578175
 30
0.0
 11
10.97305
 21
2.620325
 31
0.0
  0
LINE
  5
D7
  8
A-WALL
 10
11.02925
 20
2.620325
 30
0.0
 11
11.08545
 21
2.606275
 31
0.0
  0
LINE
  5
D8
  8
A-WALL
 10
11.08545
 20
2.606275
 30
0.0
 11
11.064375
 21
2.5571
 31
0.0
  0
LINE
  5
D9
  8
A-WALL
 10
11.064375
 20
2.5571
 30
0.0
 11
11.022225
 21
2.57115
 31
0.0
  0
LINE
  5
DA
  8
A-WALL
 10
11.022225
 20
2.57115
 30
0.0
 11
11.02925
 21
2.620325
 31
0.0
  0
LINE
  5
DB
  8
A-WALL
 10
10.994125
 20
2.887275
 30
0.0
 11
10.980075
 21
2.873225
 31
0.0
  0
LINE
  5
DC
  8
A-WALL
 10
10.980075
 20
2.873225
 30
0.0
 11
10.994125
 21
2.82405
 31
0.0
  0
LINE
  5
DD
  8
A-WALL
 10
10.994125
 20
2.82405
 30
0.0
 11
10.980075
 21
2.732725
 31
0.0
  0
LINE
  5
DE
  8
A-WALL
 10
10.980075
 20
2.732725
 30
0.0
 11
11.0995
 21
2.732725
 31
0.0
  0
LINE
  5
DF
  8
A-WALL
 10
11.0995
 20
2.732725
 30
0.0
 11
11.0995
 21
2.7538
 31
0.0
  0
LINE
  5
E0
  8
A-WALL
 10
11.0995
 20
2.7538
 30
0.0
 11
11.0152
 21
2.7538
 31
0.0
  0
LINE
  5
E1
  8
A-WALL
 10
11.0152
 20
2.7538
 30
0.0
 11
10.994125
 21
2.788925
 31
0.0
  0
LINE
  5
E2
  8
A-WALL
 10
10.994125
 20
2.788925
 30
0.0
 11
11.106525
 21
2.817025
 31
0.0
  0
LINE
  5
E3
  8
A-WALL
 10
11.106525
 20
2.817025
 30
0.0
 11
11.0152
 21
2.82405
 31
0.0
  0
LINE
  5
E4
  8
A-WALL
 10
11.0152
 20
2.82405
 30
0.0
 11
10.994125
 21
2.859175
 31
0.0
  0
LINE
  5
E5
  8
A-WALL
 10
10.994125
 20
2.859175
 30
0.0
 11
11.106525
 21
2.887275
 31
0.0
  0
LINE
  5
E6
  8
A-WALL
 10
11.106525
 20
2.887275
 30
0.0
 11
10.994125
 21
2.887275
 31
0.0
  0
LINE
  5
E7
  8
A-WALL
 10
10.9309
 20
6.765075
 30
0.0
 11
10.97305
 21
6.708875
 31
0.0
  0
LINE
  5
E8
  8
A-WALL
 10
10.97305
 20
6.708875
 30
0.0
 11
10.994125
 21
6.708875
 31
0.0
  0
LINE
  5
E9
  8
A-WALL
 10
10.994125
 20
6.708875
 30
0.0
 11
10.9871
 21
6.751025
 31
0.0
  0
LINE
  5
EA
  8
A-WALL
 10
10.9871
 20
6.751025
 30
0.0
 11
11.106525
 21
6.751025
 31
0.0
  0
LINE
  5
EB
  8
A-WALL
 10
11.106525
 20
6.751025
 30
0.0
 11
11.092475
 21
6.7721
 31
0.0
  0
LINE
  5
EC
  8
A-WALL
 10
11.092475
 20
6.7721
 30
0.0
 11
10.9309
 21
6.765075
 31
0.0
  0
LINE
  5
ED
  8
A-WALL
 10
11.078425
 20
6.849375
 30
0.0
 11
11.078425
 21
6.8283
 31
0.0
  0
LINE
  5
EE
  8
A-WALL
 10
11.078425
 20
6.8283
 30
0.0
 11
11.1276
 21
6.835325
 31
0.0
  0
LINE
  5
EF
  8
A-WALL
 10
11.1276
 20
6.835325
 30
0.0
 11
11.106525
 21
6.8564
 31
0.0
  0
LINE
  5
F0
  8
A-WALL
 10
11.106525
 20
6.8564
 30
0.0
 11
11.078425
 21
6.849375
 31
0.0
  0
LINE
  5
F1
  8
A-WALL
 10
11.106525
 20
6.947725
 30
0.0
 11
11.078425
 21
6.98285
 31
0.0
  0
LINE
  5
F2
  8
A-WALL
 10
11.078425
 20
6.98285
 30
0.0
 11
11.02925
 21
6.989875
 31
0.0
  0
LINE
  5
F3
  8
A-WALL
 10
11.02925
 20
6.989875
 30
0.0
 11
10.994125
 21
6.95475
 31
0.0
  0
LINE
  5
F4
  8
A-WALL
 10
10.994125
 20
6.95475
 30
0.0
 11
11.00115
 21
6.89855
 31
0.0
  0
LINE
  5
F5
  8
A-WALL
 10
11.00115
 20
6.89855
 30
0.0
 11
10.951975
 21
6.92665
 31
0.0
  0
LINE
  5
F6
  8
A-WALL
 10
10.951975
 20
6.92665
 30
0.0
 11
10.980075
 21
6.98285
 31
0.0
  0
LINE
  5
F7
  8
A-WALL
 10
10.980075
 20
6.98285
 30
0.0
 11
10.959
 21
6.98285
 31
0.0
  0
LINE
  5
F8
  8
A-WALL
 10
10.959
 20
6.98285
 30
0.0
 11
10.9309
 21
6.9407
 31
0.0
  0
LINE
  5
F9
  8
A-WALL
 10
10.9309
 20
6.9407
 30
0.0
 11
10.966025
 21
6.891525
 31
0.0
  0
LINE
  5
FA
  8
A-WALL
 10
10.966025
 20
6.891525
 30
0.0
 11
11.05735
 21
6.8845
 31
0.0
  0
LINE
  5
FB
  8
A-WALL
 10
11.05735
 20
6.8845
 30
0.0
 11
11.092475
 21
6.905575
 31
0.0
  0
LINE
  5
FC
  8
A-WALL
 10
11.092475
 20
6.905575
 30
0.0
 11
11.106525
 21
6.947725
 31
0.0
  0
LINE
  5
FD
  8
A-WALL
 10
11.05735
 20
6.975825
 30
0.0
 11
11.08545
 21
6.92665
 31
0.0
  0
LINE
  5
FE
  8
A-WALL
 10
11.08545
 20
6.92665
 30
0.0
 11
11.0433
 21
6.89855
 31
0.0
  0
LINE
  5
FF
  8
A-WALL
 10
11.0433
 20
6.89855
 30
0.0
 11
11.008175
 21
6.947725
 31
0.0
  0
LINE
  5
100
  8
A-WALL
 10
11.008175
 20
6.947725
 30
0.0
 11
11.05735
 21
6.975825
 31
0.0
  0
LINE
  5
101
  8
A-WALL
 10
11.106525
 20
7.06715
 30
0.0
 11
11.078425
 21
7.1093
 31
0.0
  0
LINE
  5
102
  8
A-WALL
 10
11.078425
 20
7.1093
 30
0.0
 11
11.036275
 21
7.116325
 31
0.0
  0
LINE
  5
103
  8
A-WALL
 10
11.036275
 20
7.116325
 30
0.0
 11
11.0152
 21
7.09525
 31
0.0
  0
LINE
  5
104
  8
A-WALL
 10
11.0152
 20
7.09525
 30
0.0
 11
10.966025
 21
7.1093
 31
0.0
  0
LINE
  5
105
  8
A-WALL
 10
10.966025
 20
7.1093
 30
0.0
 11
10.9309
 21
7.0531
 31
0.0
  0
LINE
  5
106
  8
A-WALL
 10
10.9309
 20
7.0531
 30
0.0
 11
10.97305
 21
7.01095
 31
0.0
  0
LINE
  5
107
  8
A-WALL
 10
10.97305
 20
7.01095
 30
0.0
 11
10.980075
 21
7.032025
 31
0.0
  0
LINE
  5
108
  8
A-WALL
 10
10.980075
 20
7.032025
 30
0.0
 11
10.951975
 21
7.0531
 31
0.0
  0
LINE
  5
109
  8
A-WALL
 10
10.951975
 20
7.0531
 30
0.0
 11
10.966025
 21
7.0882249999999996
 31
0.0
  0
LINE
  5
10A
  8
A-WALL
 10
10.966025
 20
7.0882249999999996
 30
0.0
 11
10.9871
 21
7.0882249999999996
 31
0.0
  0
LINE
  5
10B
  8
A-WALL
 10
10.9871
 20
7.0882249999999996
 30
0.0
 11
11.0152
 21
7.046075
 31
0.0
  0
LINE
  5
10C
  8
A-WALL
 10
11.0152
 20
7.046075
 30
0.0
 11
11.022225
 21
7.0812
 31
0.0
  0
LINE
  5
10D
  8
A-WALL
 10
11.022225
 20
7.0812
 30
0.0
 11
11.064375
 21
7.09525
 31
0.0
  0
LINE
  5
10E
  8
A-WALL
 10
11.064375
 20
7.09525
 30
0.0
 11
11.08545
 21
7.074175
 31
0.0
  0
LINE
  5
10F
  8
A-WALL
 10
11.08545
 20
7.074175
 30
0.0
 11
11.08545
 21
7.046075
 31
0.0
  0
LINE
  5
110
  8
A-WALL
 10
11.08545
 20
7.046075
 30
0.0
 11
11.05735
 21
7.032025
 31
0.0
  0
LINE
  5
111
  8
A-WALL
 10
11.05735
 20
7.032025
 30
0.0
 11
11.0714
 21
7.01095
 31
0.0
  0
LINE
  5
112
  8
A-WALL
 10
11.0714
 20
7.01095
 30
0.0
 11
11.106525
 21
7.06715
 31
0.0
  0
LINE
  5
113
  8
A-WALL
 10
11.106525
 20
7.3622
 30
0.0
 11
10.980075
 21
7.34815
 31
0.0
  0
LINE
  5
114
  8
A-WALL
 10
10.980075
 20
7.34815
 30
0.0
 11
10.994125
 21
7.298975
 31
0.0
  0
LINE
  5
115
  8
A-WALL
 10
10.994125
 20
7.298975
 30
0.0
 11
10.980075
 21
7.20765
 31
0.0
  0
LINE
  5
116
  8
A-WALL
 10
10.980075
 20
7.20765
 30
0.0
 11
11.106525
 21
7.214675
 31
0.0
  0
LINE
  5
117
  8
A-WALL
 10
11.106525
 20
7.214675
 30
0.0
 11
11.0995
 21
7.228725
 31
0.0
  0
LINE
  5
118
  8
A-WALL
 10
11.0995
 20
7.228725
 30
0.0
 11
11.0152
 21
7.228725
 31
0.0
  0
LINE
  5
119
  8
A-WALL
 10
11.0152
 20
7.228725
 30
0.0
 11
10.994125
 21
7.2498
 31
0.0
  0
LINE
  5
11A
  8
A-WALL
 10
10.994125
 20
7.2498
 30
0.0
 11
11.008175
 21
7.2779
 31
0.0
  0
LINE
  5
11B
  8
A-WALL
 10
11.008175
 20
7.2779
 30
0.0
 11
11.092475
 21
7.270875
 31
0.0
  0
LINE
  5
11C
  8
A-WALL
 10
11.092475
 20
7.270875
 30
0.0
 11
11.106525
 21
7.29195
 31
0.0
  0
LINE
  5
11D
  8
A-WALL
 10
11.106525
 20
7.29195
 30
0.0
 11
11.022225
 21
7.29195
 31
0.0
  0
LINE
  5
11E
  8
A-WALL
 10
11.022225
 20
7.29195
 30
0.0
 11
10.994125
 21
7.327075
 31
0.0
  0
LINE
  5
11F
  8
A-WALL
 10
10.994125
 20
7.327075
 30
0.0
 11
11.0152
 21
7.34815
 31
0.0
  0
LINE
  5
120
  8
A-WALL
 10
11.0152
 20
7.34815
 30
0.0
 11
11.092475
 21
7.341125
 31
0.0
  0
LINE
  5
121
  8
A-WALL
 10
11.092475
 20
7.341125
 30
0.0
 11
11.106525
 21
7.3622
 31
0.0
  0
LINE
  5
122
  8
A-DIMS
 10
11.148675
 20
7.85395
 30
0.0
 11
11.134625
 21
7.8118
 31
0.0
  0
LINE
  5
123
  8
A-DIMS
 10
11.134625
 20
7.8118
 30
0.0
 11
11.008175
 21
7.8118
 31
0.0
  0
LINE
  5
124
  8
A-DIMS
 10
11.008175
 20
7.8118
 30
0.0
 11
11.0152
 21
7.79775
 31
0.0
  0
LINE
  5
125
  8
A-DIMS
 10
11.0152
 20
7.79775
 30
0.0
 11
11.134625
 21
7.804775
 31
0.0
  0
LINE
  5
126
  8
A-DIMS
 10
11.134625
 20
7.804775
 30
0.0
 11
11.148675
 21
7.790725
 31
0.0
  0
LINE
  5
127
  8
A-DIMS
 10
11.148675
 20
7.790725
 30
0.0
 11
11.148675
 21
6.273325
 31
0.0
  0
LINE
  5
128
  8
A-DIMS
 10
11.148675
 20
6.273325
 30
0.0
 11
11.1276
 21
6.259275
 31
0.0
  0
LINE
  5
129
  8
A-DIMS
 10
11.1276
 20
6.259275
 30
0.0
 11
11.008175
 21
6.2663
 31
0.0
  0
LINE
  5
12A
  8
A-DIMS
 10
11.008175
 20
6.2663
 30
0.0
 11
11.008175
 21
6.245225
 31
0.0
  0
LINE
  5
12B
  8
A-DIMS
 10
11.008175
 20
6.245225
 30
0.0
 11
11.134625
 21
6.25225
 31
0.0
  0
LINE
  5
12C
  8
A-DIMS
 10
11.134625
 20
6.25225
 30
0.0
 11
11.148675
 21
6.2382
 31
0.0
  0
LINE
  5
12D
  8
A-DIMS
 10
11.148675
 20
6.2382
 30
0.0
 11
11.148675
 21
4.87535
 31
0.0
  0
LINE
  5
12E
  8
A-DIMS
 10
11.148675
 20
4.87535
 30
0.0
 11
11.078425
 21
4.8894
 31
0.0
  0
LINE
  5
12F
  8
A-DIMS
 10
11.078425
 20
4.8894
 30
0.0
 11
11.078425
 21
4.868325
 31
0.0
  0
LINE
  5
130
  8
A-DIMS
 10
11.078425
 20
4.868325
 30
0.0
 11
11.148675
 21
4.8613
 31
0.0
  0
LINE
  5
131
  8
A-DIMS
 10
11.148675
 20
4.8613
 30
0.0
 11
11.148675
 21
3.898875
 31
0.0
  0
LINE
  5
132
  8
A-DIMS
 10
11.148675
 20
3.898875
 30
0.0
 11
11.008175
 21
3.884825
 31
0.0
  0
LINE
  5
133
  8
A-DIMS
 10
11.008175
 20
3.884825
 30
0.0
 11
11.008175
 21
3.870775
 31
0.0
  0
LINE
  5
134
  8
A-DIMS
 10
11.008175
 20
3.870775
 30
0.0
 11
11.148675
 21
3.86375
 31
0.0
  0
LINE
  5
135
  8
A-DIMS
 10
11.148675
 20
3.86375
 30
0.0
 11
11.148675
 21
1.25045
 31
0.0
  0
LINE
  5
136
  8
A-DIMS
 10
11.148675
 20
1.25045
 30
0.0
 11
11.134625
 21
1.2364
 31
0.0
  0
LINE
  5
137
  8
A-DIMS
 10
11.134625
 20
1.2364
 30
0.0
 11
11.0152
 21
1.243425
 31
0.0
  0
LINE
  5
138
  8
A-DIMS
 10
11.0152
 20
1.243425
 30
0.0
 11
11.008175
 21
1.229375
 31
0.0
  0
LINE
  5
139
  8
A-DIMS
 10
11.008175
 20
1.229375
 30
0.0
 11
11.134625
 21
1.229375
 31
0.0
  0
LINE
  5
13A
  8
A-DIMS
 10
11.134625
 20
1.229375
 30
0.0
 11
11.14165
 21
1.187225
 31
0.0
  0
LINE
  5
13B
  8
A-DIMS
 10
11.14165
 20
1.187225
 30
0.0
 11
11.162725
 21
1.1802
 31
0.0
  0
LINE
  5
13C
  8
A-DIMS
 10
11.162725
 20
1.1802
 30
0.0
 11
11.162725
 21
1.22235
 31
0.0
  0
LINE
  5
13D
  8
A-DIMS
 10
11.162725
 20
1.22235
 30
0.0
 11
11.19785
 21
1.229375
 31
0.0
  0
LINE
  5
13E
  8
A-DIMS
 10
11.19785
 20
1.229375
 30
0.0
 11
11.162725
 21
1.243425
 31
0.0
  0
LINE
  5
13F
  8
A-DIMS
 10
11.162725
 20
1.243425
 30
0.0
 11
11.162725
 21
3.86375
 31
0.0
  0
LINE
  5
140
  8
A-DIMS
 10
11.162725
 20
3.86375
 30
0.0
 11
11.19785
 21
3.8778
 31
0.0
  0
LINE
  5
141
  8
A-DIMS
 10
11.19785
 20
3.8778
 30
0.0
 11
11.162725
 21
3.89185
 31
0.0
  0
LINE
  5
142
  8
A-DIMS
 10
11.162725
 20
3.89185
 30
0.0
 11
11.162725
 21
6.245225
 31
0.0
  0
LINE
  5
143
  8
A-DIMS
 10
11.162725
 20
6.245225
 30
0.0
 11
11.19785
 21
6.25225
 31
0.0
  0
LINE
  5
144
  8
A-DIMS
 10
11.19785
 20
6.25225
 30
0.0
 11
11.162725
 21
6.273325
 31
0.0
  0
LINE
  5
145
  8
A-DIMS
 10
11.162725
 20
6.273325
 30
0.0
 11
11.162725
 21
7.79775
 31
0.0
  0
LINE
  5
146
  8
A-DIMS
 10
11.162725
 20
7.79775
 30
0.0
 11
11.19785
 21
7.8118
 31
0.0
  0
LINE
  5
147
  8
A-DIMS
 10
11.19785
 20
7.8118
 30
0.0
 11
11.16975
 21
7.8118
 31
0.0
  0
LINE
  5
148
  8
A-DIMS
 10
11.16975
 20
7.8118
 30
0.0
 11
11.148675
 21
7.85395
 31
0.0
  0
LINE
  5
149
  8
A-WALL
 10
0.007025
 20
5.8448
 30
0.0
 11
0.007025
 21
1.2083
 31
0.0
  0
LINE
  5
14A
  8
A-WALL
 10
0.007025
 20
1.2083
 30
0.0
 11
0.0281
 21
1.19425
 31
0.0
  0
LINE
  5
14B
  8
A-WALL
 10
0.0281
 20
1.19425
 30
0.0
 11
1.95295
 21
1.2083
 31
0.0
  0
LINE
  5
14C
  8
A-WALL
 10
1.95295
 20
1.2083
 30
0.0
 11
1.974025
 21
1.1802
 31
0.0
  0
LINE
  5
14D
  8
A-WALL
 10
1.974025
 20
1.1802
 30
0.0
 11
10.699075
 21
1.187225
 31
0.0
  0
LINE
  5
14E
  8
A-WALL
 10
10.699075
 20
1.187225
 30
0.0
 11
10.699075
 21
4.06045
 31
0.0
  0
LINE
  5
14F
  8
A-WALL
 10
10.699075
 20
4.06045
 30
0.0
 11
10.60775
 21
4.06045
 31
0.0
  0
LINE
  5
150
  8
A-WALL
 10
10.60775
 20
4.06045
 30
0.0
 11
9.898225
 21
4.250125
 31
0.0
  0
LINE
  5
151
  8
A-WALL
 10
9.898225
 20
4.250125
 30
0.0
 11
9.87715
 21
4.2712
 31
0.0
  0
LINE
  5
152
  8
A-WALL
 10
9.87715
 20
4.2712
 30
0.0
 11
9.98955
 21
4.503025
 31
0.0
  0
LINE
  5
153
  8
A-WALL
 10
9.98955
 20
4.503025
 30
0.0
 11
10.137075
 21
4.657575
 31
0.0
  0
LINE
  5
154
  8
A-WALL
 10
10.137075
 20
4.657575
 30
0.0
 11
10.35485
 21
4.777
 31
0.0
  0
LINE
  5
155
  8
A-WALL
 10
10.35485
 20
4.777
 30
0.0
 11
10.488325
 21
4.812125
 31
0.0
  0
LINE
  5
156
  8
A-WALL
 10
10.488325
 20
4.812125
 30
0.0
 11
10.699075
 21
4.826175
 31
0.0
  0
LINE
  5
157
  8
A-WALL
 10
10.699075
 20
4.826175
 30
0.0
 11
10.699075
 21
6.2943999999999996
 31
0.0
  0
LINE
  5
158
  8
A-WALL
 10
10.699075
 20
6.2943999999999996
 30
0.0
 11
9.0482
 21
6.2943999999999996
 31
0.0
  0
LINE
  5
159
  8
A-WALL
 10
9.0482
 20
6.2943999999999996
 30
0.0
 11
9.041175
 21
7.85395
 31
0.0
  0
LINE
  5
15A
  8
A-WALL
 10
9.041175
 20
7.85395
 30
0.0
 11
1.974025
 21
7.85395
 31
0.0
  0
LINE
  5
15B
  8
A-WALL
 10
1.974025
 20
7.85395
 30
0.0
 11
1.974025
 21
5.851825
 31
0.0
  0
LINE
  5
15C
  8
A-WALL
 10
1.974025
 20
5.851825
 30
0.0
 11
0.007025
 21
5.8448
 31
0.0
  0
LINE
  5
15D
  8
A-WALL
 10
4.48195
 20
1.257475
 30
0.0
 11
4.496
 21
1.271525
 31
0.0
  0
LINE
  5
15E
  8
A-WALL
 10
4.496
 20
1.271525
 30
0.0
 11
5.99935
 21
1.271525
 31
0.0
  0
LINE
  5
15F
  8
A-WALL
 10
5.99935
 20
1.271525
 30
0.0
 11
6.0134
 21
1.25045
 31
0.0
  0
LINE
  5
160
  8
A-WALL
 10
6.0134
 20
1.25045
 30
0.0
 11
5.992325
 21
1.229375
 31
0.0
  0
LINE
  5
161
  8
A-WALL
 10
5.992325
 20
1.229375
 30
0.0
 11
4.503025
 21
1.229375
 31
0.0
  0
LINE
  5
162
  8
A-WALL
 10
4.503025
 20
1.229375
 30
0.0
 11
5.99935
 21
1.229375
 31
0.0
  0
LINE
  5
163
  8
A-WALL
 10
5.99935
 20
1.229375
 30
0.0
 11
6.0134
 21
1.2083
 31
0.0
  0
LINE
  5
164
  8
A-WALL
 10
6.0134
 20
1.2083
 30
0.0
 11
5.99935
 21
1.19425
 31
0.0
  0
LINE
  5
165
  8
A-WALL
 10
5.99935
 20
1.19425
 30
0.0
 11
4.488975
 21
1.19425
 31
0.0
  0
LINE
  5
166
  8
A-WALL
 10
4.488975
 20
1.19425
 30
0.0
 11
4.48195
 21
1.257475
 31
0.0
  0
LINE
  5
167
  8
A-WALL
 10
2.6695
 20
1.257475
 30
0.0
 11
2.68355
 21
1.271525
 31
0.0
  0
LINE
  5
168
  8
A-WALL
 10
2.68355
 20
1.271525
 30
0.0
 11
4.1869
 21
1.271525
 31
0.0
  0
LINE
  5
169
  8
A-WALL
 10
4.1869
 20
1.271525
 30
0.0
 11
4.20095
 21
1.2083
 31
0.0
  0
LINE
  5
16A
  8
A-WALL
 10
4.20095
 20
1.2083
 30
0.0
 11
4.1869
 21
1.19425
 31
0.0
  0
LINE
  5
16B
  8
A-WALL
 10
4.1869
 20
1.19425
 30
0.0
 11
2.676525
 21
1.19425
 31
0.0
  0
LINE
  5
16C
  8
A-WALL
 10
2.676525
 20
1.19425
 30
0.0
 11
2.676525
 21
1.229375
 31
0.0
  0
LINE
  5
16D
  8
A-WALL
 10
2.676525
 20
1.229375
 30
0.0
 11
4.1588
 21
1.22235
 31
0.0
  0
LINE
  5
16E
  8
A-WALL
 10
4.1588
 20
1.22235
 30
0.0
 11
4.17285
 21
1.2364
 31
0.0
  0
LINE
  5
16F
  8
A-WALL
 10
4.17285
 20
1.2364
 30
0.0
 11
2.68355
 21
1.229375
 31
0.0
  0
LINE
  5
170
  8
A-WALL
 10
2.68355
 20
1.229375
 30
0.0
 11
2.6695
 21
1.257475
 31
0.0
  0
LINE
  5
171
  8
A-WALL
 10
2.00915
 20
1.271525
 30
0.0
 11
2.0232
 21
1.27855
 31
0.0
  0
LINE
  5
172
  8
A-WALL
 10
2.0232
 20
1.27855
 30
0.0
 11
2.06535
 21
1.2364
 31
0.0
  0
LINE
  5
173
  8
A-WALL
 10
2.06535
 20
1.2364
 30
0.0
 11
2.030225
 21
1.22235
 31
0.0
  0
LINE
  5
174
  8
A-WALL
 10
2.030225
 20
1.22235
 30
0.0
 11
2.00915
 21
1.271525
 31
0.0
  0
LINE
  5
175
  8
A-WALL
 10
10.642875
 20
1.285575
 30
0.0
 11
10.656925
 21
1.25045
 31
0.0
  0
LINE
  5
176
  8
A-WALL
 10
10.656925
 20
1.25045
 30
0.0
 11
10.6218
 21
1.22235
 31
0.0
  0
LINE
  5
177
  8
A-WALL
 10
10.6218
 20
1.22235
 30
0.0
 11
10.60775
 21
1.243425
 31
0.0
  0
LINE
  5
178
  8
A-WALL
 10
10.60775
 20
1.243425
 30
0.0
 11
10.642875
 21
1.285575
 31
0.0
  0
LINE
  5
179
  8
A-FURN
 10
3.61085
 20
1.44715
 30
0.0
 11
3.6249
 21
1.4612
 31
0.0
  0
LINE
  5
17A
  8
A-FURN
 10
3.6249
 20
1.4612
 30
0.0
 11
5.458425
 21
1.4612
 31
0.0
  0
LINE
  5
17B
  8
A-FURN
 10
5.458425
 20
1.4612
 30
0.0
 11
5.4795
 21
1.299625
 31
0.0
  0
LINE
  5
17C
  8
A-FURN
 10
5.4795
 20
1.299625
 30
0.0
 11
5.46545
 21
1.285575
 31
0.0
  0
LINE
  5
17D
  8
A-FURN
 10
5.46545
 20
1.285575
 30
0.0
 11
3.617875
 21
1.285575
 31
0.0
  0
LINE
  5
17E
  8
A-FURN
 10
3.617875
 20
1.285575
 30
0.0
 11
3.61085
 21
1.44715
 31
0.0
  0
LINE
  5
17F
  8
A-FURN
 10
10.04575
 20
1.636825
 30
0.0
 11
10.0598
 21
1.650875
 31
0.0
  0
LINE
  5
180
  8
A-FURN
 10
10.0598
 20
1.650875
 30
0.0
 11
10.404025
 21
1.650875
 31
0.0
  0
LINE
  5
181
  8
A-FURN
 10
10.404025
 20
1.650875
 30
0.0
 11
10.418075
 21
1.636825
 31
0.0
  0
LINE
  5
182
  8
A-FURN
 10
10.418075
 20
1.636825
 30
0.0
 11
10.418075
 21
1.299625
 31
0.0
  0
LINE
  5
183
  8
A-FURN
 10
10.418075
 20
1.299625
 30
0.0
 11
10.052775
 21
1.2926
 31
0.0
  0
LINE
  5
184
  8
A-FURN
 10
10.052775
 20
1.2926
 30
0.0
 11
10.04575
 21
1.636825
 31
0.0
  0
LINE
  5
185
  8
A-FURN
 10
8.3457
 20
2.030225
 30
0.0
 11
8.5424
 21
2.016175
 31
0.0
  0
LINE
  5
186
  8
A-FURN
 10
8.5424
 20
2.016175
 30
0.0
 11
8.535375
 21
1.81245
 31
0.0
  0
LINE
  5
187
  8
A-FURN
 10
8.535375
 20
1.81245
 30
0.0
 11
8.338675
 21
2.00915
 31
0.0
  0
LINE
  5
188
  8
A-FURN
 10
8.338675
 20
2.00915
 30
0.0
 11
8.3457
 21
2.030225
 31
0.0
  0
LINE
  5
189
  8
A-FURN
 10
5.500575
 20
2.100475
 30
0.0
 11
5.598925
 21
2.086425
 31
0.0
  0
LINE
  5
18A
  8
A-FURN
 10
5.598925
 20
2.086425
 30
0.0
 11
5.5919
 21
1.285575
 31
0.0
  0
LINE
  5
18B
  8
A-FURN
 10
5.5919
 20
1.285575
 30
0.0
 11
5.486525
 21
1.2926
 31
0.0
  0
LINE
  5
18C
  8
A-FURN
 10
5.486525
 20
1.2926
 30
0.0
 11
5.486525
 21
2.086425
 31
0.0
  0
LINE
  5
18D
  8
A-FURN
 10
5.486525
 20
2.086425
 30
0.0
 11
5.500575
 21
2.100475
 31
0.0
  0
LINE
  5
18E
  8
A-WALL
 10
3.49845
 20
2.100475
 30
0.0
 11
3.5968
 21
2.086425
 31
0.0
  0
LINE
  5
18F
  8
A-WALL
 10
3.5968
 20
2.086425
 30
0.0
 11
3.5968
 21
1.2926
 31
0.0
  0
LINE
  5
190
  8
A-WALL
 10
3.5968
 20
1.2926
 30
0.0
 11
3.58275
 21
1.27855
 31
0.0
  0
LINE
  5
191
  8
A-WALL
 10
3.58275
 20
1.27855
 30
0.0
 11
3.4844
 21
1.2926
 31
0.0
  0
LINE
  5
192
  8
A-WALL
 10
3.4844
 20
1.2926
 30
0.0
 11
3.4844
 21
2.086425
 31
0.0
  0
LINE
  5
193
  8
A-WALL
 10
3.4844
 20
2.086425
 30
0.0
 11
3.49845
 21
2.100475
 31
0.0
  0
LINE
  5
194
  8
A-FURN
 10
4.868325
 20
2.1356
 30
0.0
 11
5.472475
 21
2.128575
 31
0.0
  0
LINE
  5
195
  8
A-FURN
 10
5.472475
 20
2.128575
 30
0.0
 11
5.4795
 21
1.4893
 31
0.0
  0
LINE
  5
196
  8
A-FURN
 10
5.4795
 20
1.4893
 30
0.0
 11
5.46545
 21
1.47525
 31
0.0
  0
LINE
  5
197
  8
A-FURN
 10
5.46545
 20
1.47525
 30
0.0
 11
4.8613
 21
1.482275
 31
0.0
  0
LINE
  5
198
  8
A-FURN
 10
4.8613
 20
1.482275
 30
0.0
 11
4.868325
 21
2.1356
 31
0.0
  0
LINE
  5
199
  8
A-FURN
 10
4.2431
 20
2.1356
 30
0.0
 11
4.84725
 21
2.128575
 31
0.0
  0
LINE
  5
19A
  8
A-FURN
 10
4.84725
 20
2.128575
 30
0.0
 11
4.840225
 21
1.47525
 31
0.0
  0
LINE
  5
19B
  8
A-FURN
 10
4.840225
 20
1.47525
 30
0.0
 11
4.250125
 21
1.468225
 31
0.0
  0
LINE
  5
19C
  8
A-FURN
 10
4.250125
 20
1.468225
 30
0.0
 11
4.236075
 21
1.482275
 31
0.0
  0
LINE
  5
19D
  8
A-FURN
 10
4.236075
 20
1.482275
 30
0.0
 11
4.2431
 21
2.1356
 31
0.0
  0
LINE
  5
19E
  8
A-FURN
 10
3.617875
 20
2.1356
 30
0.0
 11
4.222025
 21
2.128575
 31
0.0
  0
LINE
  5
19F
  8
A-FURN
 10
4.222025
 20
2.128575
 30
0.0
 11
4.22905
 21
1.4893
 31
0.0
  0
LINE
  5
1A0
  8
A-FURN
 10
4.22905
 20
1.4893
 30
0.0
 11
4.215
 21
1.47525
 31
0.0
  0
LINE
  5
1A1
  8
A-FURN
 10
4.215
 20
1.47525
 30
0.0
 11
3.61085
 21
1.482275
 31
0.0
  0
LINE
  5
1A2
  8
A-FURN
 10
3.61085
 20
1.482275
 30
0.0
 11
3.617875
 21
2.1356
 31
0.0
  0
LINE
  5
1A3
  8
A-WALL
 10
2.030225
 20
3.0067
 30
0.0
 11
2.058325
 21
2.985625
 31
0.0
  0
LINE
  5
1A4
  8
A-WALL
 10
2.058325
 20
2.985625
 30
0.0
 11
2.058325
 21
1.496325
 31
0.0
  0
LINE
  5
1A5
  8
A-WALL
 10
2.058325
 20
1.496325
 30
0.0
 11
2.044275
 21
1.47525
 31
0.0
  0
LINE
  5
1A6
  8
A-WALL
 10
2.044275
 20
1.47525
 30
0.0
 11
2.016175
 21
1.4893
 31
0.0
  0
LINE
  5
1A7
  8
A-WALL
 10
2.016175
 20
1.4893
 30
0.0
 11
2.016175
 21
2.99265
 31
0.0
  0
LINE
  5
1A8
  8
A-WALL
 10
2.016175
 20
2.99265
 30
0.0
 11
2.030225
 21
3.0067
 31
0.0
  0
LINE
  5
1A9
  8
A-WALL
 10
1.9951
 20
3.0067
 30
0.0
 11
2.016175
 21
2.99265
 31
0.0
  0
LINE
  5
1AA
  8
A-WALL
 10
2.016175
 20
2.99265
 30
0.0
 11
2.016175
 21
1.4893
 31
0.0
  0
LINE
  5
1AB
  8
A-WALL
 10
2.016175
 20
1.4893
 30
0.0
 11
2.002125
 21
1.47525
 31
0.0
  0
LINE
  5
1AC
  8
A-WALL
 10
2.002125
 20
1.47525
 30
0.0
 11
1.974025
 21
1.4893
 31
0.0
  0
LINE
  5
1AD
  8
A-WALL
 10
1.974025
 20
1.4893
 30
0.0
 11
1.974025
 21
2.985625
 31
0.0
  0
LINE
  5
1AE
  8
A-WALL
 10
1.974025
 20
2.985625
 30
0.0
 11
1.9951
 21
3.0067
 31
0.0
  0
LINE
  5
1AF
  8
A-WALL
 10
7.03905
 20
3.16125
 30
0.0
 11
7.09525
 21
3.098025
 31
0.0
  0
LINE
  5
1B0
  8
A-WALL
 10
7.09525
 20
3.098025
 30
0.0
 11
7.09525
 21
2.156675
 31
0.0
  0
LINE
  5
1B1
  8
A-WALL
 10
7.09525
 20
2.156675
 30
0.0
 11
7.046075
 21
2.100475
 31
0.0
  0
LINE
  5
1B2
  8
A-WALL
 10
7.046075
 20
2.100475
 30
0.0
 11
7.032025
 21
2.1075
 31
0.0
  0
LINE
  5
1B3
  8
A-WALL
 10
7.032025
 20
2.1075
 30
0.0
 11
7.03905
 21
3.16125
 31
0.0
  0
LINE
  5
1B4
  8
A-WALL
 10
1.974025
 20
3.154225
 30
0.0
 11
1.988075
 21
3.168275
 31
0.0
  0
LINE
  5
1B5
  8
A-WALL
 10
1.988075
 20
3.168275
 30
0.0
 11
2.0513
 21
3.16125
 31
0.0
  0
LINE
  5
1B6
  8
A-WALL
 10
2.0513
 20
3.16125
 30
0.0
 11
2.044275
 21
3.140175
 31
0.0
  0
LINE
  5
1B7
  8
A-WALL
 10
2.044275
 20
3.140175
 30
0.0
 11
1.974025
 21
3.154225
 31
0.0
  0
LINE
  5
1B8
  8
A-WALL
 10
10.66395
 20
3.2034
 30
0.0
 11
10.69205
 21
3.18935
 31
0.0
  0
LINE
  5
1B9
  8
A-WALL
 10
10.69205
 20
3.18935
 30
0.0
 11
10.69205
 21
1.693025
 31
0.0
  0
LINE
  5
1BA
  8
A-WALL
 10
10.69205
 20
1.693025
 30
0.0
 11
10.670975
 21
1.67195
 31
0.0
  0
LINE
  5
1BB
  8
A-WALL
 10
10.670975
 20
1.67195
 30
0.0
 11
10.6499
 21
1.686
 31
0.0
  0
LINE
  5
1BC
  8
A-WALL
 10
10.6499
 20
1.686
 30
0.0
 11
10.6499
 21
3.18935
 31
0.0
  0
LINE
  5
1BD
  8
A-WALL
 10
10.6499
 20
3.18935
 30
0.0
 11
10.66395
 21
3.2034
 31
0.0
  0
LINE
  5
1BE
  8
A-WALL
 10
10.6218
 20
3.2034
 30
0.0
 11
10.6499
 21
3.18935
 31
0.0
  0
LINE
  5
1BF
  8
A-WALL
 10
10.6499
 20
3.18935
 30
0.0
 11
10.6499
 21
1.693025
 31
0.0
  0
LINE
  5
1C0
  8
A-WALL
 10
10.6499
 20
1.693025
 30
0.0
 11
10.628825
 21
1.67195
 31
0.0
  0
LINE
  5
1C1
  8
A-WALL
 10
10.628825
 20
1.67195
 30
0.0
 11
10.60775
 21
1.686
 31
0.0
  0
LINE
  5
1C2
  8
A-WALL
 10
10.60775
 20
1.686
 30
0.0
 11
10.60775
 21
3.18935
 31
0.0
  0
LINE
  5
1C3
  8
A-WALL
 10
10.60775
 20
3.18935
 30
0.0
 11
10.6218
 21
3.2034
 31
0.0
  0
LINE
  5
1C4
  8
A-FURN
 10
8.324625
 20
3.2877
 30
0.0
 11
9.96145
 21
3.294725
 31
0.0
  0
LINE
  5
1C5
  8
A-FURN
 10
9.96145
 20
3.294725
 30
0.0
 11
9.968475
 21
1.805425
 31
0.0
  0
LINE
  5
1C6
  8
A-FURN
 10
9.968475
 20
1.805425
 30
0.0
 11
9.954425
 21
1.791375
 31
0.0
  0
LINE
  5
1C7
  8
A-FURN
 10
9.954425
 20
1.791375
 30
0.0
 11
8.563475
 21
1.791375
 31
0.0
  0
LINE
  5
1C8
  8
A-FURN
 10
8.563475
 20
1.791375
 30
0.0
 11
8.549425
 21
1.805425
 31
0.0
  0
LINE
  5
1C9
  8
A-FURN
 10
8.549425
 20
1.805425
 30
0.0
 11
8.55645
 21
2.030225
 31
0.0
  0
LINE
  5
1CA
  8
A-FURN
 10
8.55645
 20
2.030225
 30
0.0
 11
8.324625
 21
2.044275
 31
0.0
  0
LINE
  5
1CB
  8
A-FURN
 10
8.324625
 20
2.044275
 30
0.0
 11
8.324625
 21
3.2877
 31
0.0
  0
LINE
  5
1CC
  8
A-WALL
 10
6.680775
 20
3.519525
 30
0.0
 11
7.09525
 21
3.5125
 31
0.0
  0
LINE
  5
1CD
  8
A-WALL
 10
7.09525
 20
3.5125
 30
0.0
 11
7.09525
 21
3.13315
 31
0.0
  0
LINE
  5
1CE
  8
A-WALL
 10
7.09525
 20
3.13315
 30
0.0
 11
7.0812
 21
3.126125
 31
0.0
  0
LINE
  5
1CF
  8
A-WALL
 10
7.0812
 20
3.126125
 30
0.0
 11
7.03905
 21
3.18935
 31
0.0
  0
LINE
  5
1D0
  8
A-WALL
 10
7.03905
 20
3.18935
 30
0.0
 11
7.017975
 21
3.18935
 31
0.0
  0
LINE
  5
1D1
  8
A-WALL
 10
7.017975
 20
3.18935
 30
0.0
 11
7.025
 21
2.058325
 31
0.0
  0
LINE
  5
1D2
  8
A-WALL
 10
7.025
 20
2.058325
 30
0.0
 11
7.0882249999999996
 21
2.1356
 31
0.0
  0
LINE
  5
1D3
  8
A-WALL
 10
7.0882249999999996
 20
2.1356
 30
0.0
 11
7.0882249999999996
 21
1.686
 31
0.0
  0
LINE
  5
1D4
  8
A-WALL
 10
7.0882249999999996
 20
1.686
 30
0.0
 11
6.680775
 21
1.686
 31
0.0
  0
LINE
  5
1D5
  8
A-WALL
 10
6.680775
 20
1.686
 30
0.0
 11
6.666725
 21
1.70005
 31
0.0
  0
LINE
  5
1D6
  8
A-WALL
 10
6.666725
 20
1.70005
 30
0.0
 11
6.666725
 21
3.505475
 31
0.0
  0
LINE
  5
1D7
  8
A-WALL
 10
6.666725
 20
3.505475
 30
0.0
 11
6.680775
 21
3.519525
 31
0.0
  0
LINE
  5
1D8
  8
A-FURN
 10
7.17955
 20
3.828625
 30
0.0
 11
7.37625
 21
3.83565
 31
0.0
  0
LINE
  5
1D9
  8
A-FURN
 10
7.37625
 20
3.83565
 30
0.0
 11
7.40435
 21
3.814575
 31
0.0
  0
LINE
  5
1DA
  8
A-FURN
 10
7.40435
 20
3.814575
 30
0.0
 11
7.579975
 21
3.126125
 31
0.0
  0
LINE
  5
1DB
  8
A-FURN
 10
7.579975
 20
3.126125
 30
0.0
 11
7.60105
 21
3.091
 31
0.0
  0
LINE
  5
1DC
  8
A-FURN
 10
7.60105
 20
3.091
 30
0.0
 11
7.62915
 21
3.091
 31
0.0
  0
LINE
  5
1DD
  8
A-FURN
 10
7.62915
 20
3.091
 30
0.0
 11
7.85395
 21
3.2034
 31
0.0
  0
LINE
  5
1DE
  8
A-FURN
 10
7.85395
 20
3.2034
 30
0.0
 11
8.015525
 21
3.35795
 31
0.0
  0
LINE
  5
1DF
  8
A-FURN
 10
8.015525
 20
3.35795
 30
0.0
 11
8.141975
 21
3.589775
 31
0.0
  0
LINE
  5
1E0
  8
A-FURN
 10
8.141975
 20
3.589775
 30
0.0
 11
8.184125
 21
3.828625
 31
0.0
  0
LINE
  5
1E1
  8
A-FURN
 10
8.184125
 20
3.828625
 30
0.0
 11
10.600725
 21
3.83565
 31
0.0
  0
LINE
  5
1E2
  8
A-FURN
 10
10.600725
 20
3.83565
 30
0.0
 11
10.5937
 21
1.70005
 31
0.0
  0
LINE
  5
1E3
  8
A-FURN
 10
10.5937
 20
1.70005
 30
0.0
 11
10.60775
 21
1.285575
 31
0.0
  0
LINE
  5
1E4
  8
A-FURN
 10
10.60775
 20
1.285575
 30
0.0
 11
10.5937
 21
1.271525
 31
0.0
  0
LINE
  5
1E5
  8
A-FURN
 10
10.5937
 20
1.271525
 30
0.0
 11
10.418075
 21
1.27855
 31
0.0
  0
LINE
  5
1E6
  8
A-FURN
 10
10.418075
 20
1.27855
 30
0.0
 11
10.432125
 21
1.30665
 31
0.0
  0
LINE
  5
1E7
  8
A-FURN
 10
10.432125
 20
1.30665
 30
0.0
 11
10.432125
 21
1.6579
 31
0.0
  0
LINE
  5
1E8
  8
A-FURN
 10
10.432125
 20
1.6579
 30
0.0
 11
10.418075
 21
1.67195
 31
0.0
  0
LINE
  5
1E9
  8
A-FURN
 10
10.418075
 20
1.67195
 30
0.0
 11
10.04575
 21
1.67195
 31
0.0
  0
LINE
  5
1EA
  8
A-FURN
 10
10.04575
 20
1.67195
 30
0.0
 11
10.0317
 21
1.6579
 31
0.0
  0
LINE
  5
1EB
  8
A-FURN
 10
10.0317
 20
1.6579
 30
0.0
 11
10.0317
 21
1.30665
 31
0.0
  0
LINE
  5
1EC
  8
A-FURN
 10
10.0317
 20
1.30665
 30
0.0
 11
10.04575
 21
1.27855
 31
0.0
  0
LINE
  5
1ED
  8
A-FURN
 10
10.04575
 20
1.27855
 30
0.0
 11
9.9755
 21
1.285575
 31
0.0
  0
LINE
  5
1EE
  8
A-FURN
 10
9.9755
 20
1.285575
 30
0.0
 11
9.9755
 21
3.308775
 31
0.0
  0
LINE
  5
1EF
  8
A-FURN
 10
9.9755
 20
3.308775
 30
0.0
 11
8.3176
 21
3.308775
 31
0.0
  0
LINE
  5
1F0
  8
A-FURN
 10
8.3176
 20
3.308775
 30
0.0
 11
8.310575
 21
1.313675
 31
0.0
  0
LINE
  5
1F1
  8
A-FURN
 10
8.310575
 20
1.313675
 30
0.0
 11
8.324625
 21
1.30665
 31
0.0
  0
LINE
  5
1F2
  8
A-FURN
 10
8.324625
 20
1.30665
 30
0.0
 11
8.3176
 21
1.9951
 31
0.0
  0
LINE
  5
1F3
  8
A-FURN
 10
8.3176
 20
1.9951
 30
0.0
 11
8.33165
 21
2.002125
 31
0.0
  0
LINE
  5
1F4
  8
A-FURN
 10
8.33165
 20
2.002125
 30
0.0
 11
8.55645
 21
1.777325
 31
0.0
  0
LINE
  5
1F5
  8
A-FURN
 10
8.55645
 20
1.777325
 30
0.0
 11
9.96145
 21
1.777325
 31
0.0
  0
LINE
  5
1F6
  8
A-FURN
 10
9.96145
 20
1.777325
 30
0.0
 11
9.9755
 21
1.2926
 31
0.0
  0
LINE
  5
1F7
  8
A-FURN
 10
9.9755
 20
1.2926
 30
0.0
 11
9.96145
 21
1.27855
 31
0.0
  0
LINE
  5
1F8
  8
A-FURN
 10
9.96145
 20
1.27855
 30
0.0
 11
8.3176
 21
1.285575
 31
0.0
  0
LINE
  5
1F9
  8
A-FURN
 10
8.3176
 20
1.285575
 30
0.0
 11
8.310575
 21
1.271525
 31
0.0
  0
LINE
  5
1FA
  8
A-FURN
 10
8.310575
 20
1.271525
 30
0.0
 11
7.242775
 21
1.27855
 31
0.0
  0
LINE
  5
1FB
  8
A-FURN
 10
7.242775
 20
1.27855
 30
0.0
 11
7.1936
 21
1.2645
 31
0.0
  0
LINE
  5
1FC
  8
A-FURN
 10
7.1936
 20
1.2645
 30
0.0
 11
7.17955
 21
1.27855
 31
0.0
  0
LINE
  5
1FD
  8
A-FURN
 10
7.17955
 20
1.27855
 30
0.0
 11
7.1936
 21
2.676525
 31
0.0
  0
LINE
  5
1FE
  8
A-FURN
 10
7.1936
 20
2.676525
 30
0.0
 11
7.17955
 21
2.690575
 31
0.0
  0
LINE
  5
1FF
  8
A-FURN
 10
7.17955
 20
2.690575
 30
0.0
 11
7.17955
 21
3.828625
 31
0.0
  0
LINE
  5
200
  8
A-FURN
 10
7.889075
 20
1.664925
 30
0.0
 11
7.889075
 21
1.299625
 31
0.0
  0
LINE
  5
201
  8
A-FURN
 10
7.889075
 20
1.299625
 30
0.0
 11
7.903125
 21
1.299625
 31
0.0
  0
LINE
  5
202
  8
A-FURN
 10
7.903125
 20
1.299625
 30
0.0
 11
7.903125
 21
1.64385
 31
0.0
  0
LINE
  5
203
  8
A-FURN
 10
7.903125
 20
1.64385
 30
0.0
 11
7.917175
 21
1.6579
 31
0.0
  0
LINE
  5
204
  8
A-FURN
 10
7.917175
 20
1.6579
 30
0.0
 11
8.2614
 21
1.650875
 31
0.0
  0
LINE
  5
205
  8
A-FURN
 10
8.2614
 20
1.650875
 30
0.0
 11
8.27545
 21
1.636825
 31
0.0
  0
LINE
  5
206
  8
A-FURN
 10
8.27545
 20
1.636825
 30
0.0
 11
8.268425
 21
1.299625
 31
0.0
  0
LINE
  5
207
  8
A-FURN
 10
8.268425
 20
1.299625
 30
0.0
 11
8.282475
 21
1.299625
 31
0.0
  0
LINE
  5
208
  8
A-FURN
 10
8.282475
 20
1.299625
 30
0.0
 11
8.27545
 21
1.67195
 31
0.0
  0
LINE
  5
209
  8
A-FURN
 10
8.27545
 20
1.67195
 30
0.0
 11
7.889075
 21
1.664925
 31
0.0
  0
LINE
  5
20A
  8
A-FURN
 10
9.1887
 20
1.3769
 30
0.0
 11
9.2168
 21
1.355825
 31
0.0
  0
LINE
  5
20B
  8
A-FURN
 10
9.2168
 20
1.355825
 30
0.0
 11
9.842025
 21
1.355825
 31
0.0
  0
LINE
  5
20C
  8
A-FURN
 10
9.842025
 20
1.355825
 30
0.0
 11
9.8631
 21
1.369875
 31
0.0
  0
LINE
  5
20D
  8
A-FURN
 10
9.8631
 20
1.369875
 30
0.0
 11
9.856075
 21
1.70005
 31
0.0
  0
LINE
  5
20E
  8
A-FURN
 10
9.856075
 20
1.70005
 30
0.0
 11
9.195725
 21
1.70005
 31
0.0
  0
LINE
  5
20F
  8
A-FURN
 10
9.195725
 20
1.70005
 30
0.0
 11
9.1887
 21
1.3769
 31
0.0
  0
LINE
  5
210
  8
A-FURN
 10
9.209775
 20
1.678975
 30
0.0
 11
9.842025
 21
1.686
 31
0.0
  0
LINE
  5
211
  8
A-FURN
 10
9.842025
 20
1.686
 30
0.0
 11
9.84905
 21
1.383925
 31
0.0
  0
LINE
  5
212
  8
A-FURN
 10
9.84905
 20
1.383925
 30
0.0
 11
9.2168
 21
1.3769
 31
0.0
  0
LINE
  5
213
  8
A-FURN
 10
9.2168
 20
1.3769
 30
0.0
 11
9.209775
 21
1.678975
 31
0.0
  0
LINE
  5
214
  8
A-FURN
 10
8.43
 20
1.693025
 30
0.0
 11
8.43
 21
1.369875
 31
0.0
  0
LINE
  5
215
  8
A-FURN
 10
8.43
 20
1.369875
 30
0.0
 11
8.451075
 21
1.355825
 31
0.0
  0
LINE
  5
216
  8
A-FURN
 10
8.451075
 20
1.355825
 30
0.0
 11
9.0763
 21
1.355825
 31
0.0
  0
LINE
  5
217
  8
A-FURN
 10
9.0763
 20
1.355825
 30
0.0
 11
9.097375
 21
1.369875
 31
0.0
  0
LINE
  5
218
  8
A-FURN
 10
9.097375
 20
1.369875
 30
0.0
 11
9.09035
 21
1.70005
 31
0.0
  0
LINE
  5
219
  8
A-FURN
 10
9.09035
 20
1.70005
 30
0.0
 11
8.43
 21
1.693025
 31
0.0
  0
LINE
  5
21A
  8
A-FURN
 10
8.44405
 20
1.678975
 30
0.0
 11
9.069275
 21
1.686
 31
0.0
  0
LINE
  5
21B
  8
A-FURN
 10
9.069275
 20
1.686
 30
0.0
 11
9.083325
 21
1.39095
 31
0.0
  0
LINE
  5
21C
  8
A-FURN
 10
9.083325
 20
1.39095
 30
0.0
 11
9.069275
 21
1.3769
 31
0.0
  0
LINE
  5
21D
  8
A-FURN
 10
9.069275
 20
1.3769
 30
0.0
 11
8.451075
 21
1.3769
 31
0.0
  0
LINE
  5
21E
  8
A-FURN
 10
8.451075
 20
1.3769
 30
0.0
 11
8.44405
 21
1.678975
 31
0.0
  0
LINE
  5
21F
  8
A-FURN
 10
7.2217
 20
2.690575
 30
0.0
 11
7.214675
 21
2.676525
 31
0.0
  0
LINE
  5
220
  8
A-FURN
 10
7.214675
 20
2.676525
 30
0.0
 11
7.762625
 21
2.676525
 31
0.0
  0
LINE
  5
221
  8
A-FURN
 10
7.762625
 20
2.676525
 30
0.0
 11
7.776675
 21
2.662475
 31
0.0
  0
LINE
  5
222
  8
A-FURN
 10
7.776675
 20
2.662475
 30
0.0
 11
7.76965
 21
1.355825
 31
0.0
  0
LINE
  5
223
  8
A-FURN
 10
7.76965
 20
1.355825
 30
0.0
 11
7.776675
 21
1.30665
 31
0.0
  0
LINE
  5
224
  8
A-FURN
 10
7.776675
 20
1.30665
 30
0.0
 11
7.790725
 21
1.30665
 31
0.0
  0
LINE
  5
225
  8
A-FURN
 10
7.790725
 20
1.30665
 30
0.0
 11
7.790725
 21
2.68355
 31
0.0
  0
LINE
  5
226
  8
A-FURN
 10
7.790725
 20
2.68355
 30
0.0
 11
7.2217
 21
2.690575
 31
0.0
  0
LINE
  5
227
  8
A-FURN
 10
8.711
 20
3.77945
 30
0.0
 11
8.711
 21
3.617875
 31
0.0
  0
LINE
  5
228
  8
A-FURN
 10
8.711
 20
3.617875
 30
0.0
 11
8.80935
 21
3.617875
 31
0.0
  0
LINE
  5
229
  8
A-FURN
 10
8.80935
 20
3.617875
 30
0.0
 11
8.830425
 21
3.63895
 31
0.0
  0
LINE
  5
22A
  8
A-FURN
 10
8.830425
 20
3.63895
 30
0.0
 11
8.830425
 21
3.6811
 31
0.0
  0
LINE
  5
22B
  8
A-FURN
 10
8.830425
 20
3.6811
 30
0.0
 11
8.80935
 21
3.702175
 31
0.0
  0
LINE
  5
22C
  8
A-FURN
 10
8.80935
 20
3.702175
 30
0.0
 11
8.830425
 21
3.730275
 31
0.0
  0
LINE
  5
22D
  8
A-FURN
 10
8.830425
 20
3.730275
 30
0.0
 11
8.8234
 21
3.758375
 31
0.0
  0
LINE
  5
22E
  8
A-FURN
 10
8.8234
 20
3.758375
 30
0.0
 11
8.7953
 21
3.77945
 31
0.0
  0
LINE
  5
22F
  8
A-FURN
 10
8.7953
 20
3.77945
 30
0.0
 11
8.711
 21
3.77945
 31
0.0
  0
LINE
  5
230
  8
A-FURN
 10
8.732075
 20
3.688125
 30
0.0
 11
8.802325
 21
3.688125
 31
0.0
  0
LINE
  5
231
  8
A-FURN
 10
8.802325
 20
3.688125
 30
0.0
 11
8.816375
 21
3.653
 31
0.0
  0
LINE
  5
232
  8
A-FURN
 10
8.816375
 20
3.653
 30
0.0
 11
8.788275
 21
3.631925
 31
0.0
  0
LINE
  5
233
  8
A-FURN
 10
8.788275
 20
3.631925
 30
0.0
 11
8.7391
 21
3.631925
 31
0.0
  0
LINE
  5
234
  8
A-FURN
 10
8.7391
 20
3.631925
 30
0.0
 11
8.732075
 21
3.688125
 31
0.0
  0
LINE
  5
235
  8
A-FURN
 10
8.732075
 20
3.75135
 30
0.0
 11
8.7953
 21
3.758375
 31
0.0
  0
LINE
  5
236
  8
A-FURN
 10
8.7953
 20
3.758375
 30
0.0
 11
8.80935
 21
3.730275
 31
0.0
  0
LINE
  5
237
  8
A-FURN
 10
8.80935
 20
3.730275
 30
0.0
 11
8.7953
 21
3.7092
 31
0.0
  0
LINE
  5
238
  8
A-FURN
 10
8.7953
 20
3.7092
 30
0.0
 11
8.7391
 21
3.7092
 31
0.0
  0
LINE
  5
239
  8
A-FURN
 10
8.7391
 20
3.7092
 30
0.0
 11
8.732075
 21
3.75135
 31
0.0
  0
LINE
  5
23A
  8
A-WALL
 10
7.17955
 20
3.884825
 30
0.0
 11
7.1374
 21
3.83565
 31
0.0
  0
LINE
  5
23B
  8
A-WALL
 10
7.1374
 20
3.83565
 30
0.0
 11
7.130375
 21
3.86375
 31
0.0
  0
LINE
  5
23C
  8
A-WALL
 10
7.130375
 20
3.86375
 30
0.0
 11
7.17955
 21
3.884825
 31
0.0
  0
LINE
  5
23D
  8
A-FURN
 10
8.1771
 20
3.912925
 30
0.0
 11
8.198175
 21
3.9059
 31
0.0
  0
LINE
  5
23E
  8
A-FURN
 10
8.198175
 20
3.9059
 30
0.0
 11
8.184125
 21
3.83565
 31
0.0
  0
LINE
  5
23F
  8
A-FURN
 10
8.184125
 20
3.83565
 30
0.0
 11
8.170075
 21
3.8497
 31
0.0
  0
LINE
  5
240
  8
A-FURN
 10
8.170075
 20
3.8497
 30
0.0
 11
8.1771
 21
3.912925
 31
0.0
  0
LINE
  5
241
  8
A-FURN
 10
7.383275
 20
3.912925
 30
0.0
 11
7.40435
 21
3.898875
 31
0.0
  0
LINE
  5
242
  8
A-FURN
 10
7.40435
 20
3.898875
 30
0.0
 11
7.3903
 21
3.842675
 31
0.0
  0
LINE
  5
243
  8
A-FURN
 10
7.3903
 20
3.842675
 30
0.0
 11
7.369225
 21
3.856725
 31
0.0
  0
LINE
  5
244
  8
A-FURN
 10
7.369225
 20
3.856725
 30
0.0
 11
7.383275
 21
3.912925
 31
0.0
  0
LINE
  5
245
  8
A-WALL
 10
10.642875
 20
3.934
 30
0.0
 11
10.656925
 21
3.91995
 31
0.0
  0
LINE
  5
246
  8
A-WALL
 10
10.656925
 20
3.91995
 30
0.0
 11
10.6499
 21
3.828625
 31
0.0
  0
LINE
  5
247
  8
A-WALL
 10
10.6499
 20
3.828625
 30
0.0
 11
10.586675
 21
3.8778
 31
0.0
  0
LINE
  5
248
  8
A-WALL
 10
10.586675
 20
3.8778
 30
0.0
 11
10.642875
 21
3.934
 31
0.0
  0
LINE
  5
249
  8
A-WALL
 10
10.60775
 20
4.039375
 30
0.0
 11
10.6218
 21
4.053425
 31
0.0
  0
LINE
  5
24A
  8
A-WALL
 10
10.6218
 20
4.053425
 30
0.0
 11
10.685025
 21
4.0464
 31
0.0
  0
LINE
  5
24B
  8
A-WALL
 10
10.685025
 20
4.0464
 30
0.0
 11
10.670975
 21
4.025325
 31
0.0
  0
LINE
  5
24C
  8
A-WALL
 10
10.670975
 20
4.025325
 30
0.0
 11
10.60775
 21
4.039375
 31
0.0
  0
LINE
  5
24D
  8
A-WALL
 10
1.974025
 20
5.036925
 30
0.0
 11
1.988075
 21
5.050975
 31
0.0
  0
LINE
  5
24E
  8
A-WALL
 10
1.988075
 20
5.050975
 30
0.0
 11
2.0513
 21
5.04395
 31
0.0
  0
LINE
  5
24F
  8
A-WALL
 10
2.0513
 20
5.04395
 30
0.0
 11
2.044275
 21
5.022875
 31
0.0
  0
LINE
  5
250
  8
A-WALL
 10
2.044275
 20
5.022875
 30
0.0
 11
1.974025
 21
5.036925
 31
0.0
  0
LINE
  5
251
  8
A-FURN
 10
8.999025
 20
5.1704
 30
0.0
 11
8.999025
 21
5.135275
 31
0.0
  0
LINE
  5
252
  8
A-FURN
 10
8.999025
 20
5.135275
 30
0.0
 11
8.9639
 21
5.121225
 31
0.0
  0
LINE
  5
253
  8
A-FURN
 10
8.9639
 20
5.121225
 30
0.0
 11
8.94985
 21
5.135275
 31
0.0
  0
LINE
  5
254
  8
A-FURN
 10
8.94985
 20
5.135275
 30
0.0
 11
8.999025
 21
5.1704
 31
0.0
  0
LINE
  5
255
  8
A-WALL
 10
0.035125
 20
5.837775
 30
0.0
 11
1.974025
 21
5.83075
 31
0.0
  0
LINE
  5
256
  8
A-WALL
 10
1.974025
 20
5.83075
 30
0.0
 11
1.959975
 21
5.795625
 31
0.0
  0
LINE
  5
257
  8
A-WALL
 10
1.959975
 20
5.795625
 30
0.0
 11
0.0562
 21
5.795625
 31
0.0
  0
LINE
  5
258
  8
A-WALL
 10
0.0562
 20
5.795625
 30
0.0
 11
0.0562
 21
1.25045
 31
0.0
  0
LINE
  5
259
  8
A-WALL
 10
0.0562
 20
1.25045
 30
0.0
 11
1.9108
 21
1.243425
 31
0.0
  0
LINE
  5
25A
  8
A-WALL
 10
1.9108
 20
1.243425
 30
0.0
 11
1.95295
 21
1.257475
 31
0.0
  0
LINE
  5
25B
  8
A-WALL
 10
1.95295
 20
1.257475
 30
0.0
 11
0.077275
 21
1.257475
 31
0.0
  0
LINE
  5
25C
  8
A-WALL
 10
0.077275
 20
1.257475
 30
0.0
 11
0.063225
 21
1.271525
 31
0.0
  0
LINE
  5
25D
  8
A-WALL
 10
0.063225
 20
1.271525
 30
0.0
 11
0.063225
 21
5.781575
 31
0.0
  0
LINE
  5
25E
  8
A-WALL
 10
0.063225
 20
5.781575
 30
0.0
 11
0.077275
 21
5.795625
 31
0.0
  0
LINE
  5
25F
  8
A-WALL
 10
0.077275
 20
5.795625
 30
0.0
 11
1.959975
 21
5.795625
 31
0.0
  0
LINE
  5
260
  8
A-WALL
 10
1.959975
 20
5.795625
 30
0.0
 11
1.974025
 21
5.781575
 31
0.0
  0
LINE
  5
261
  8
A-WALL
 10
1.974025
 20
5.781575
 30
0.0
 11
1.967
 21
5.01585
 31
0.0
  0
LINE
  5
262
  8
A-WALL
 10
1.967
 20
5.01585
 30
0.0
 11
1.50335
 21
4.222025
 31
0.0
  0
LINE
  5
263
  8
A-WALL
 10
1.50335
 20
4.222025
 30
0.0
 11
1.6579
 21
4.137725
 31
0.0
  0
LINE
  5
264
  8
A-WALL
 10
1.6579
 20
4.137725
 30
0.0
 11
1.8265
 21
4.095575
 31
0.0
  0
LINE
  5
265
  8
A-WALL
 10
1.8265
 20
4.095575
 30
0.0
 11
1.608725
 21
4.03235
 31
0.0
  0
LINE
  5
266
  8
A-WALL
 10
1.608725
 20
4.03235
 30
0.0
 11
1.50335
 21
3.9621
 31
0.0
  0
LINE
  5
267
  8
A-WALL
 10
1.50335
 20
3.9621
 30
0.0
 11
1.967
 21
3.1753
 31
0.0
  0
LINE
  5
268
  8
A-WALL
 10
1.967
 20
3.1753
 30
0.0
 11
1.974025
 21
1.22235
 31
0.0
  0
LINE
  5
269
  8
A-WALL
 10
1.974025
 20
1.22235
 30
0.0
 11
1.959975
 21
1.2083
 31
0.0
  0
LINE
  5
26A
  8
A-WALL
 10
1.959975
 20
1.2083
 30
0.0
 11
0.035125
 21
1.2083
 31
0.0
  0
LINE
  5
26B
  8
A-WALL
 10
0.035125
 20
1.2083
 30
0.0
 11
0.021075
 21
1.22235
 31
0.0
  0
LINE
  5
26C
  8
A-WALL
 10
0.021075
 20
1.22235
 30
0.0
 11
0.021075
 21
5.823725
 31
0.0
  0
LINE
  5
26D
  8
A-WALL
 10
0.021075
 20
5.823725
 30
0.0
 11
0.035125
 21
5.837775
 31
0.0
  0
LINE
  5
26E
  8
A-WALL
 10
0.091325
 20
1.861625
 30
0.0
 11
0.49175
 21
1.50335
 31
0.0
  0
LINE
  5
26F
  8
A-WALL
 10
0.49175
 20
1.50335
 30
0.0
 11
0.667375
 21
1.70005
 31
0.0
  0
LINE
  5
270
  8
A-WALL
 10
0.667375
 20
1.70005
 30
0.0
 11
0.751675
 21
1.58765
 31
0.0
  0
LINE
  5
271
  8
A-WALL
 10
0.751675
 20
1.58765
 30
0.0
 11
0.85705
 21
1.524425
 31
0.0
  0
LINE
  5
272
  8
A-WALL
 10
0.85705
 20
1.524425
 30
0.0
 11
0.920275
 21
1.510375
 31
0.0
  0
LINE
  5
273
  8
A-WALL
 10
0.920275
 20
1.510375
 30
0.0
 11
1.08185
 21
1.524425
 31
0.0
  0
LINE
  5
274
  8
A-WALL
 10
1.08185
 20
1.524425
 30
0.0
 11
1.159125
 21
1.566575
 31
0.0
  0
LINE
  5
275
  8
A-WALL
 10
1.159125
 20
1.566575
 30
0.0
 11
1.243425
 21
1.650875
 31
0.0
  0
LINE
  5
276
  8
A-WALL
 10
1.243425
 20
1.650875
 30
0.0
 11
1.397975
 21
1.440125
 31
0.0
  0
LINE
  5
277
  8
A-WALL
 10
1.397975
 20
1.440125
 30
0.0
 11
1.833525
 21
1.749225
 31
0.0
  0
LINE
  5
278
  8
A-WALL
 10
1.833525
 20
1.749225
 30
0.0
 11
1.468225
 21
2.26205
 31
0.0
  0
LINE
  5
279
  8
A-WALL
 10
1.468225
 20
2.26205
 30
0.0
 11
1.201275
 21
2.072375
 31
0.0
  0
LINE
  5
27A
  8
A-WALL
 10
1.201275
 20
2.072375
 30
0.0
 11
1.02565
 21
2.1637
 31
0.0
  0
LINE
  5
27B
  8
A-WALL
 10
1.02565
 20
2.1637
 30
0.0
 11
0.91325
 21
2.1637
 31
0.0
  0
LINE
  5
27C
  8
A-WALL
 10
0.91325
 20
2.1637
 30
0.0
 11
0.77275
 21
2.100475
 31
0.0
  0
LINE
  5
27D
  8
A-WALL
 10
0.77275
 20
2.100475
 30
0.0
 11
0.512825
 21
2.3323
 31
0.0
  0
LINE
  5
27E
  8
A-WALL
 10
0.512825
 20
2.3323
 30
0.0
 11
0.470675
 21
2.3042
 31
0.0
  0
LINE
  5
27F
  8
A-WALL
 10
0.470675
 20
2.3042
 30
0.0
 11
0.091325
 21
1.861625
 31
0.0
  0
LINE
  5
280
  8
A-WALL
 10
1.749225
 20
1.8546
 30
0.0
 11
1.81245
 21
1.75625
 31
0.0
  0
LINE
  5
281
  8
A-WALL
 10
1.81245
 20
1.75625
 30
0.0
 11
1.405
 21
1.4612
 31
0.0
  0
LINE
  5
282
  8
A-WALL
 10
1.405
 20
1.4612
 30
0.0
 11
1.33475
 21
1.55955
 31
0.0
  0
LINE
  5
283
  8
A-WALL
 10
1.33475
 20
1.55955
 30
0.0
 11
1.749225
 21
1.8546
 31
0.0
  0
LINE
  5
284
  8
A-WALL
 10
0.18265
 20
1.945925
 30
0.0
 11
0.569025
 21
1.61575
 31
0.0
  0
LINE
  5
285
  8
A-WALL
 10
0.569025
 20
1.61575
 30
0.0
 11
0.498775
 21
1.524425
 31
0.0
  0
LINE
  5
286
  8
A-WALL
 10
0.498775
 20
1.524425
 30
0.0
 11
0.105375
 21
1.8546
 31
0.0
  0
LINE
  5
287
  8
A-WALL
 10
0.105375
 20
1.8546
 30
0.0
 11
0.18265
 21
1.945925
 31
0.0
  0
LINE
  5
288
  8
A-FURN
 10
0.8711
 20
2.1356
 30
0.0
 11
1.032675
 21
2.142625
 31
0.0
  0
LINE
  5
289
  8
A-FURN
 10
1.032675
 20
2.142625
 30
0.0
 11
1.116975
 21
2.114525
 31
0.0
  0
LINE
  5
28A
  8
A-FURN
 10
1.116975
 20
2.114525
 30
0.0
 11
1.2364
 21
2.002125
 31
0.0
  0
LINE
  5
28B
  8
A-FURN
 10
1.2364
 20
2.002125
 30
0.0
 11
1.27855
 21
1.89675
 31
0.0
  0
LINE
  5
28C
  8
A-FURN
 10
1.27855
 20
1.89675
 30
0.0
 11
1.27855
 21
1.7703
 31
0.0
  0
LINE
  5
28D
  8
A-FURN
 10
1.27855
 20
1.7703
 30
0.0
 11
1.2364
 21
1.67195
 31
0.0
  0
LINE
  5
28E
  8
A-FURN
 10
1.2364
 20
1.67195
 30
0.0
 11
1.1521
 21
1.580625
 31
0.0
  0
LINE
  5
28F
  8
A-FURN
 10
1.1521
 20
1.580625
 30
0.0
 11
1.05375
 21
1.53145
 31
0.0
  0
LINE
  5
290
  8
A-FURN
 10
1.05375
 20
1.53145
 30
0.0
 11
0.9273
 21
1.524425
 31
0.0
  0
LINE
  5
291
  8
A-FURN
 10
0.9273
 20
1.524425
 30
0.0
 11
0.793825
 21
1.5735999999999999
 31
0.0
  0
LINE
  5
292
  8
A-FURN
 10
0.793825
 20
1.5735999999999999
 30
0.0
 11
0.6744
 21
1.721125
 31
0.0
  0
LINE
  5
293
  8
A-FURN
 10
0.6744
 20
1.721125
 30
0.0
 11
0.66035
 21
1.889725
 31
0.0
  0
LINE
  5
294
  8
A-FURN
 10
0.66035
 20
1.889725
 30
0.0
 11
0.681425
 21
1.967
 31
0.0
  0
LINE
  5
295
  8
A-FURN
 10
0.681425
 20
1.967
 30
0.0
 11
0.779775
 21
2.086425
 31
0.0
  0
LINE
  5
296
  8
A-FURN
 10
0.779775
 20
2.086425
 30
0.0
 11
0.8711
 21
2.1356
 31
0.0
  0
LINE
  5
297
  8
A-WALL
 10
1.4612
 20
2.248
 30
0.0
 11
1.735175
 21
1.861625
 31
0.0
  0
LINE
  5
298
  8
A-WALL
 10
1.735175
 20
1.861625
 30
0.0
 11
1.327725
 21
1.566575
 31
0.0
  0
LINE
  5
299
  8
A-WALL
 10
1.327725
 20
1.566575
 30
0.0
 11
1.25045
 21
1.664925
 31
0.0
  0
LINE
  5
29A
  8
A-WALL
 10
1.25045
 20
1.664925
 30
0.0
 11
1.2926
 21
1.763275
 31
0.0
  0
LINE
  5
29B
  8
A-WALL
 10
1.2926
 20
1.763275
 30
0.0
 11
1.2926
 21
1.903775
 31
0.0
  0
LINE
  5
29C
  8
A-WALL
 10
1.2926
 20
1.903775
 30
0.0
 11
1.2083
 21
2.06535
 31
0.0
  0
LINE
  5
29D
  8
A-WALL
 10
1.2083
 20
2.06535
 30
0.0
 11
1.4612
 21
2.248
 31
0.0
  0
LINE
  5
29E
  8
A-WALL
 10
0.498775
 20
2.311225
 30
0.0
 11
0.7587
 21
2.09345
 31
0.0
  0
LINE
  5
29F
  8
A-WALL
 10
0.7587
 20
2.09345
 30
0.0
 11
0.68845
 21
2.00915
 31
0.0
  0
LINE
  5
2A0
  8
A-WALL
 10
0.68845
 20
2.00915
 30
0.0
 11
0.6463
 21
1.917825
 31
0.0
  0
LINE
  5
2A1
  8
A-WALL
 10
0.6463
 20
1.917825
 30
0.0
 11
0.639275
 21
1.805425
 31
0.0
  0
LINE
  5
2A2
  8
A-WALL
 10
0.639275
 20
1.805425
 30
0.0
 11
0.66035
 21
1.707075
 31
0.0
  0
LINE
  5
2A3
  8
A-WALL
 10
0.66035
 20
1.707075
 30
0.0
 11
0.583075
 21
1.622775
 31
0.0
  0
LINE
  5
2A4
  8
A-WALL
 10
0.583075
 20
1.622775
 30
0.0
 11
0.19669999999999999
 21
1.95295
 31
0.0
  0
LINE
  5
2A5
  8
A-WALL
 10
0.19669999999999999
 20
1.95295
 30
0.0
 11
0.498775
 21
2.311225
 31
0.0
  0
LINE
  5
2A6
  8
A-WALL
 10
0.892175
 20
3.2596
 30
0.0
 11
0.8711
 21
3.252575
 31
0.0
  0
LINE
  5
2A7
  8
A-WALL
 10
0.8711
 20
3.252575
 30
0.0
 11
0.8711
 21
3.2034
 31
0.0
  0
LINE
  5
2A8
  8
A-WALL
 10
0.8711
 20
3.2034
 30
0.0
 11
0.8992
 21
3.21745
 31
0.0
  0
LINE
  5
2A9
  8
A-WALL
 10
0.8992
 20
3.21745
 30
0.0
 11
0.892175
 21
3.2596
 31
0.0
  0
LINE
  5
2AA
  8
A-WALL
 10
1.124
 20
3.350925
 30
0.0
 11
1.124
 21
3.238525
 31
0.0
  0
LINE
  5
2AB
  8
A-WALL
 10
1.124
 20
3.238525
 30
0.0
 11
1.145075
 21
3.238525
 31
0.0
  0
LINE
  5
2AC
  8
A-WALL
 10
1.145075
 20
3.238525
 30
0.0
 11
1.145075
 21
3.322825
 31
0.0
  0
LINE
  5
2AD
  8
A-WALL
 10
1.145075
 20
3.322825
 30
0.0
 11
1.173175
 21
3.3439
 31
0.0
  0
LINE
  5
2AE
  8
A-WALL
 10
1.173175
 20
3.3439
 30
0.0
 11
1.19425
 21
3.32985
 31
0.0
  0
LINE
  5
2AF
  8
A-WALL
 10
1.19425
 20
3.32985
 30
0.0
 11
1.19425
 21
3.238525
 31
0.0
  0
LINE
  5
2B0
  8
A-WALL
 10
1.19425
 20
3.238525
 30
0.0
 11
1.215325
 21
3.238525
 31
0.0
  0
LINE
  5
2B1
  8
A-WALL
 10
1.215325
 20
3.238525
 30
0.0
 11
1.215325
 21
3.322825
 31
0.0
  0
LINE
  5
2B2
  8
A-WALL
 10
1.215325
 20
3.322825
 30
0.0
 11
1.243425
 21
3.3439
 31
0.0
  0
LINE
  5
2B3
  8
A-WALL
 10
1.243425
 20
3.3439
 30
0.0
 11
1.2645
 21
3.32985
 31
0.0
  0
LINE
  5
2B4
  8
A-WALL
 10
1.2645
 20
3.32985
 30
0.0
 11
1.2645
 21
3.238525
 31
0.0
  0
LINE
  5
2B5
  8
A-WALL
 10
1.2645
 20
3.238525
 30
0.0
 11
1.285575
 21
3.238525
 31
0.0
  0
LINE
  5
2B6
  8
A-WALL
 10
1.285575
 20
3.238525
 30
0.0
 11
1.271525
 21
3.350925
 31
0.0
  0
LINE
  5
2B7
  8
A-WALL
 10
1.271525
 20
3.350925
 30
0.0
 11
1.124
 21
3.350925
 31
0.0
  0
LINE
  5
2B8
  8
A-WALL
 10
0.962425
 20
3.4001
 30
0.0
 11
0.934325
 21
3.372
 31
0.0
  0
LINE
  5
2B9
  8
A-WALL
 10
0.934325
 20
3.372
 30
0.0
 11
0.948375
 21
3.322825
 31
0.0
  0
LINE
  5
2BA
  8
A-WALL
 10
0.948375
 20
3.322825
 30
0.0
 11
0.9273
 21
3.27365
 31
0.0
  0
LINE
  5
2BB
  8
A-WALL
 10
0.9273
 20
3.27365
 30
0.0
 11
0.9554
 21
3.238525
 31
0.0
  0
LINE
  5
2BC
  8
A-WALL
 10
0.9554
 20
3.238525
 30
0.0
 11
0.990525
 21
3.2315
 31
0.0
  0
LINE
  5
2BD
  8
A-WALL
 10
0.990525
 20
3.2315
 30
0.0
 11
1.032675
 21
3.266625
 31
0.0
  0
LINE
  5
2BE
  8
A-WALL
 10
1.032675
 20
3.266625
 30
0.0
 11
1.0116
 21
3.322825
 31
0.0
  0
LINE
  5
2BF
  8
A-WALL
 10
1.0116
 20
3.322825
 30
0.0
 11
1.032675
 21
3.364975
 31
0.0
  0
LINE
  5
2C0
  8
A-WALL
 10
1.032675
 20
3.364975
 30
0.0
 11
1.0116
 21
3.393075
 31
0.0
  0
LINE
  5
2C1
  8
A-WALL
 10
1.0116
 20
3.393075
 30
0.0
 11
0.962425
 21
3.4001
 31
0.0
  0
LINE
  5
2C2
  8
A-WALL
 10
0.96945
 20
3.322825
 30
0.0
 11
1.018625
 21
3.2877
 31
0.0
  0
LINE
  5
2C3
  8
A-WALL
 10
1.018625
 20
3.2877
 30
0.0
 11
0.9835
 21
3.24555
 31
0.0
  0
LINE
  5
2C4
  8
A-WALL
 10
0.9835
 20
3.24555
 30
0.0
 11
0.948375
 21
3.27365
 31
0.0
  0
LINE
  5
2C5
  8
A-WALL
 10
0.948375
 20
3.27365
 30
0.0
 11
0.96945
 21
3.322825
 31
0.0
  0
LINE
  5
2C6
  8
A-WALL
 10
0.948375
 20
3.364975
 30
0.0
 11
0.990525
 21
3.38605
 31
0.0
  0
LINE
  5
2C7
  8
A-WALL
 10
0.990525
 20
3.38605
 30
0.0
 11
1.0116
 21
3.350925
 31
0.0
  0
LINE
  5
2C8
  8
A-WALL
 10
1.0116
 20
3.350925
 30
0.0
 11
0.96945
 21
3.336875
 31
0.0
  0
LINE
  5
2C9
  8
A-WALL
 10
0.96945
 20
3.336875
 30
0.0
 11
0.948375
 21
3.364975
 31
0.0
  0
LINE
  5
2CA
  8
A-WALL
 10
0.77275
 20
3.4001
 30
0.0
 11
0.737625
 21
3.364975
 31
0.0
  0
LINE
  5
2CB
  8
A-WALL
 10
0.737625
 20
3.364975
 30
0.0
 11
0.74465
 21
3.3158
 31
0.0
  0
LINE
  5
2CC
  8
A-WALL
 10
0.74465
 20
3.3158
 30
0.0
 11
0.77275
 21
3.294725
 31
0.0
  0
LINE
  5
2CD
  8
A-WALL
 10
0.77275
 20
3.294725
 30
0.0
 11
0.8149
 21
3.308775
 31
0.0
  0
LINE
  5
2CE
  8
A-WALL
 10
0.8149
 20
3.308775
 30
0.0
 11
0.82895
 21
3.294725
 31
0.0
  0
LINE
  5
2CF
  8
A-WALL
 10
0.82895
 20
3.294725
 30
0.0
 11
0.7867999999999999
 21
3.24555
 31
0.0
  0
LINE
  5
2D0
  8
A-WALL
 10
0.7867999999999999
 20
3.24555
 30
0.0
 11
0.74465
 21
3.280675
 31
0.0
  0
LINE
  5
2D1
  8
A-WALL
 10
0.74465
 20
3.280675
 30
0.0
 11
0.737625
 21
3.266625
 31
0.0
  0
LINE
  5
2D2
  8
A-WALL
 10
0.737625
 20
3.266625
 30
0.0
 11
0.7587
 21
3.238525
 31
0.0
  0
LINE
  5
2D3
  8
A-WALL
 10
0.7587
 20
3.238525
 30
0.0
 11
0.793825
 21
3.2315
 31
0.0
  0
LINE
  5
2D4
  8
A-WALL
 10
0.793825
 20
3.2315
 30
0.0
 11
0.835975
 21
3.266625
 31
0.0
  0
LINE
  5
2D5
  8
A-WALL
 10
0.835975
 20
3.266625
 30
0.0
 11
0.843
 21
3.35795
 31
0.0
  0
LINE
  5
2D6
  8
A-WALL
 10
0.843
 20
3.35795
 30
0.0
 11
0.807875
 21
3.4001
 31
0.0
  0
LINE
  5
2D7
  8
A-WALL
 10
0.807875
 20
3.4001
 30
0.0
 11
0.77275
 21
3.4001
 31
0.0
  0
LINE
  5
2D8
  8
A-WALL
 10
0.7867999999999999
 20
3.38605
 30
0.0
 11
0.821925
 21
3.364975
 31
0.0
  0
LINE
  5
2D9
  8
A-WALL
 10
0.821925
 20
3.364975
 30
0.0
 11
0.821925
 21
3.32985
 31
0.0
  0
LINE
  5
2DA
  8
A-WALL
 10
0.821925
 20
3.32985
 30
0.0
 11
0.793825
 21
3.308775
 31
0.0
  0
LINE
  5
2DB
  8
A-WALL
 10
0.793825
 20
3.308775
 30
0.0
 11
0.7587
 21
3.32985
 31
0.0
  0
LINE
  5
2DC
  8
A-WALL
 10
0.7587
 20
3.32985
 30
0.0
 11
0.7587
 21
3.364975
 31
0.0
  0
LINE
  5
2DD
  8
A-WALL
 10
0.7587
 20
3.364975
 30
0.0
 11
0.7867999999999999
 21
3.38605
 31
0.0
  0
LINE
  5
2DE
  8
A-WALL
 10
1.33475
 20
3.407125
 30
0.0
 11
1.30665
 21
3.379025
 31
0.0
  0
LINE
  5
2DF
  8
A-WALL
 10
1.30665
 20
3.379025
 30
0.0
 11
1.3488
 21
3.38605
 31
0.0
  0
LINE
  5
2E0
  8
A-WALL
 10
1.3488
 20
3.38605
 30
0.0
 11
1.355825
 21
3.372
 31
0.0
  0
LINE
  5
2E1
  8
A-WALL
 10
1.355825
 20
3.372
 30
0.0
 11
1.30665
 21
3.322825
 31
0.0
  0
LINE
  5
2E2
  8
A-WALL
 10
1.30665
 20
3.322825
 30
0.0
 11
1.369875
 21
3.3158
 31
0.0
  0
LINE
  5
2E3
  8
A-WALL
 10
1.369875
 20
3.3158
 30
0.0
 11
1.341775
 21
3.336875
 31
0.0
  0
LINE
  5
2E4
  8
A-WALL
 10
1.341775
 20
3.336875
 30
0.0
 11
1.369875
 21
3.393075
 31
0.0
  0
LINE
  5
2E5
  8
A-WALL
 10
1.369875
 20
3.393075
 30
0.0
 11
1.33475
 21
3.407125
 31
0.0
  0
LINE
  5
2E6
  8
A-WALL
 10
7.397325
 20
6.020425
 30
0.0
 11
7.818825
 21
6.020425
 31
0.0
  0
LINE
  5
2E7
  8
A-WALL
 10
7.818825
 20
6.020425
 30
0.0
 11
7.832875
 21
6.006375
 31
0.0
  0
LINE
  5
2E8
  8
A-WALL
 10
7.832875
 20
6.006375
 30
0.0
 11
7.832875
 21
5.191475
 31
0.0
  0
LINE
  5
2E9
  8
A-WALL
 10
7.832875
 20
5.191475
 30
0.0
 11
7.818825
 21
5.177425
 31
0.0
  0
LINE
  5
2EA
  8
A-WALL
 10
7.818825
 20
5.177425
 30
0.0
 11
7.383275
 21
5.18445
 31
0.0
  0
LINE
  5
2EB
  8
A-WALL
 10
7.383275
 20
5.18445
 30
0.0
 11
7.3903
 21
5.317925
 31
0.0
  0
LINE
  5
2EC
  8
A-WALL
 10
7.3903
 20
5.317925
 30
0.0
 11
7.804775
 21
5.317925
 31
0.0
  0
LINE
  5
2ED
  8
A-WALL
 10
7.804775
 20
5.317925
 30
0.0
 11
7.8118
 21
5.331975
 31
0.0
  0
LINE
  5
2EE
  8
A-WALL
 10
7.8118
 20
5.331975
 30
0.0
 11
7.804775
 21
5.88695
 31
0.0
  0
LINE
  5
2EF
  8
A-WALL
 10
7.804775
 20
5.88695
 30
0.0
 11
7.397325
 21
5.879925
 31
0.0
  0
LINE
  5
2F0
  8
A-WALL
 10
7.397325
 20
5.879925
 30
0.0
 11
7.383275
 21
5.893975
 31
0.0
  0
LINE
  5
2F1
  8
A-WALL
 10
7.383275
 20
5.893975
 30
0.0
 11
7.397325
 21
6.020425
 31
0.0
  0
LINE
  5
2F2
  8
A-FURN
 10
9.00605
 20
6.2943999999999996
 30
0.0
 11
9.069275
 21
6.25225
 31
0.0
  0
LINE
  5
2F3
  8
A-FURN
 10
9.069275
 20
6.25225
 30
0.0
 11
8.999025
 21
6.19605
 31
0.0
  0
LINE
  5
2F4
  8
A-FURN
 10
8.999025
 20
6.19605
 30
0.0
 11
8.992
 21
6.28035
 31
0.0
  0
LINE
  5
2F5
  8
A-FURN
 10
8.992
 20
6.28035
 30
0.0
 11
9.00605
 21
6.2943999999999996
 31
0.0
  0
LINE
  5
2F6
  8
A-WALL
 10
7.51675
 20
6.540275
 30
0.0
 11
7.692375
 21
6.540275
 31
0.0
  0
LINE
  5
2F7
  8
A-WALL
 10
7.692375
 20
6.540275
 30
0.0
 11
7.748575
 21
6.5192
 31
0.0
  0
LINE
  5
2F8
  8
A-WALL
 10
7.748575
 20
6.5192
 30
0.0
 11
7.804775
 21
6.463
 31
0.0
  0
LINE
  5
2F9
  8
A-WALL
 10
7.804775
 20
6.463
 30
0.0
 11
7.82585
 21
6.39275
 31
0.0
  0
LINE
  5
2FA
  8
A-WALL
 10
7.82585
 20
6.39275
 30
0.0
 11
7.818825
 21
6.3225
 31
0.0
  0
LINE
  5
2FB
  8
A-WALL
 10
7.818825
 20
6.3225
 30
0.0
 11
7.7556
 21
6.2382
 31
0.0
  0
LINE
  5
2FC
  8
A-WALL
 10
7.7556
 20
6.2382
 30
0.0
 11
7.551875
 21
6.217125
 31
0.0
  0
LINE
  5
2FD
  8
A-WALL
 10
7.551875
 20
6.217125
 30
0.0
 11
7.5027
 21
6.231175
 31
0.0
  0
LINE
  5
2FE
  8
A-WALL
 10
7.5027
 20
6.231175
 30
0.0
 11
7.5027
 21
6.526225
 31
0.0
  0
LINE
  5
2FF
  8
A-WALL
 10
7.5027
 20
6.526225
 30
0.0
 11
7.51675
 21
6.540275
 31
0.0
  0
LINE
  5
300
  8
A-WALL
 10
2.030225
 20
7.54485
 30
0.0
 11
2.058325
 21
7.523775
 31
0.0
  0
LINE
  5
301
  8
A-WALL
 10
2.058325
 20
7.523775
 30
0.0
 11
2.044275
 21
6.0134
 31
0.0
  0
LINE
  5
302
  8
A-WALL
 10
2.044275
 20
6.0134
 30
0.0
 11
2.016175
 21
6.02745
 31
0.0
  0
LINE
  5
303
  8
A-WALL
 10
2.016175
 20
6.02745
 30
0.0
 11
2.016175
 21
7.5308
 31
0.0
  0
LINE
  5
304
  8
A-WALL
 10
2.016175
 20
7.5308
 30
0.0
 11
2.030225
 21
7.54485
 31
0.0
  0
LINE
  5
305
  8
A-WALL
 10
1.988075
 20
7.54485
 30
0.0
 11
2.016175
 21
7.5308
 31
0.0
  0
LINE
  5
306
  8
A-WALL
 10
2.016175
 20
7.5308
 30
0.0
 11
2.016175
 21
6.02745
 31
0.0
  0
LINE
  5
307
  8
A-WALL
 10
2.016175
 20
6.02745
 30
0.0
 11
2.002125
 21
6.0134
 31
0.0
  0
LINE
  5
308
  8
A-WALL
 10
2.002125
 20
6.0134
 30
0.0
 11
1.974025
 21
6.02745
 31
0.0
  0
LINE
  5
309
  8
A-WALL
 10
1.974025
 20
6.02745
 30
0.0
 11
1.974025
 21
7.5308
 31
0.0
  0
LINE
  5
30A
  8
A-WALL
 10
1.974025
 20
7.5308
 30
0.0
 11
1.988075
 21
7.54485
 31
0.0
  0
LINE
  5
30B
  8
A-WALL
 10
7.804775
 20
7.7275
 30
0.0
 11
7.846925
 21
7.6432
 31
0.0
  0
LINE
  5
30C
  8
A-WALL
 10
7.846925
 20
7.6432
 30
0.0
 11
7.762625
 21
7.650225
 31
0.0
  0
LINE
  5
30D
  8
A-WALL
 10
7.762625
 20
7.650225
 30
0.0
 11
7.804775
 21
7.7275
 31
0.0
  0
LINE
  5
30E
  8
A-WALL
 10
8.380825
 20
7.734525
 30
0.0
 11
8.394875
 21
7.748575
 31
0.0
  0
LINE
  5
30F
  8
A-WALL
 10
8.394875
 20
7.748575
 30
0.0
 11
8.942825
 21
7.748575
 31
0.0
  0
LINE
  5
310
  8
A-WALL
 10
8.942825
 20
7.748575
 30
0.0
 11
8.94985
 21
7.29195
 31
0.0
  0
LINE
  5
311
  8
A-WALL
 10
8.94985
 20
7.29195
 30
0.0
 11
8.9358
 21
7.2779
 31
0.0
  0
LINE
  5
312
  8
A-WALL
 10
8.9358
 20
7.2779
 30
0.0
 11
8.394875
 21
7.284925
 31
0.0
  0
LINE
  5
313
  8
A-WALL
 10
8.394875
 20
7.284925
 30
0.0
 11
8.380825
 21
7.298975
 31
0.0
  0
LINE
  5
314
  8
A-WALL
 10
8.380825
 20
7.298975
 30
0.0
 11
8.380825
 21
7.734525
 31
0.0
  0
LINE
  5
315
  8
A-WALL
 10
8.549425
 20
7.565925
 30
0.0
 11
8.563475
 21
7.48865
 31
0.0
  0
LINE
  5
316
  8
A-WALL
 10
8.563475
 20
7.48865
 30
0.0
 11
8.58455
 21
7.481625
 31
0.0
  0
LINE
  5
317
  8
A-WALL
 10
8.58455
 20
7.481625
 30
0.0
 11
8.605625
 21
7.537825
 31
0.0
  0
LINE
  5
318
  8
A-WALL
 10
8.605625
 20
7.537825
 30
0.0
 11
8.633725
 21
7.481625
 31
0.0
  0
LINE
  5
319
  8
A-WALL
 10
8.633725
 20
7.481625
 30
0.0
 11
8.6548
 21
7.5589
 31
0.0
  0
LINE
  5
31A
  8
A-WALL
 10
8.6548
 20
7.5589
 30
0.0
 11
8.64075
 21
7.565925
 31
0.0
  0
LINE
  5
31B
  8
A-WALL
 10
8.64075
 20
7.565925
 30
0.0
 11
8.64075
 21
7.537825
 31
0.0
  0
LINE
  5
31C
  8
A-WALL
 10
8.64075
 20
7.537825
 30
0.0
 11
8.619675
 21
7.5308
 31
0.0
  0
LINE
  5
31D
  8
A-WALL
 10
8.619675
 20
7.5308
 30
0.0
 11
8.5986
 21
7.565925
 31
0.0
  0
LINE
  5
31E
  8
A-WALL
 10
8.5986
 20
7.565925
 30
0.0
 11
8.5705
 21
7.51675
 31
0.0
  0
LINE
  5
31F
  8
A-WALL
 10
8.5705
 20
7.51675
 30
0.0
 11
8.563475
 21
7.565925
 31
0.0
  0
LINE
  5
320
  8
A-WALL
 10
8.563475
 20
7.565925
 30
0.0
 11
8.549425
 21
7.565925
 31
0.0
  0
LINE
  5
321
  8
A-WALL
 10
8.760175
 20
7.54485
 30
0.0
 11
8.72505
 21
7.57295
 31
0.0
  0
LINE
  5
322
  8
A-WALL
 10
8.72505
 20
7.57295
 30
0.0
 11
8.6829
 21
7.565925
 31
0.0
  0
LINE
  5
323
  8
A-WALL
 10
8.6829
 20
7.565925
 30
0.0
 11
8.6548
 21
7.481625
 31
0.0
  0
LINE
  5
324
  8
A-WALL
 10
8.6548
 20
7.481625
 30
0.0
 11
8.689925
 21
7.54485
 31
0.0
  0
LINE
  5
325
  8
A-WALL
 10
8.689925
 20
7.54485
 30
0.0
 11
8.689925
 21
7.48865
 31
0.0
  0
LINE
  5
326
  8
A-WALL
 10
8.689925
 20
7.48865
 30
0.0
 11
8.732075
 21
7.4746
 31
0.0
  0
LINE
  5
327
  8
A-WALL
 10
8.732075
 20
7.4746
 30
0.0
 11
8.760175
 21
7.495675
 31
0.0
  0
LINE
  5
328
  8
A-WALL
 10
8.760175
 20
7.495675
 30
0.0
 11
8.760175
 21
7.54485
 31
0.0
  0
LINE
  5
329
  8
A-WALL
 10
8.711
 20
7.551875
 30
0.0
 11
8.75315
 21
7.523775
 31
0.0
  0
LINE
  5
32A
  8
A-WALL
 10
8.75315
 20
7.523775
 30
0.0
 11
8.72505
 21
7.48865
 31
0.0
  0
LINE
  5
32B
  8
A-WALL
 10
8.72505
 20
7.48865
 30
0.0
 11
8.703975
 21
7.5027
 31
0.0
  0
LINE
  5
32C
  8
A-WALL
 10
8.703975
 20
7.5027
 30
0.0
 11
8.711
 21
7.551875
 31
0.0
  0
LINE
  5
32D
  8
A-WALL
 10
7.397325
 20
7.7556
 30
0.0
 11
7.790725
 21
7.7556
 31
0.0
  0
LINE
  5
32E
  8
A-WALL
 10
7.790725
 20
7.7556
 30
0.0
 11
7.804775
 21
7.734525
 31
0.0
  0
LINE
  5
32F
  8
A-WALL
 10
7.804775
 20
7.734525
 30
0.0
 11
7.734525
 21
7.6432
 31
0.0
  0
LINE
  5
330
  8
A-WALL
 10
7.734525
 20
7.6432
 30
0.0
 11
7.790725
 21
7.622125
 31
0.0
  0
LINE
  5
331
  8
A-WALL
 10
7.790725
 20
7.622125
 30
0.0
 11
7.875025
 21
7.62915
 31
0.0
  0
LINE
  5
332
  8
A-WALL
 10
7.875025
 20
7.62915
 30
0.0
 11
7.8118
 21
7.734525
 31
0.0
  0
LINE
  5
333
  8
A-WALL
 10
7.8118
 20
7.734525
 30
0.0
 11
7.82585
 21
7.7556
 31
0.0
  0
LINE
  5
334
  8
A-WALL
 10
7.82585
 20
7.7556
 30
0.0
 11
8.2333
 21
7.74155
 31
0.0
  0
LINE
  5
335
  8
A-WALL
 10
8.2333
 20
7.74155
 30
0.0
 11
8.21925
 21
7.270875
 31
0.0
  0
LINE
  5
336
  8
A-WALL
 10
8.21925
 20
7.270875
 30
0.0
 11
7.875025
 21
6.92665
 31
0.0
  0
LINE
  5
337
  8
A-WALL
 10
7.875025
 20
6.92665
 30
0.0
 11
7.43245
 21
6.905575
 31
0.0
  0
LINE
  5
338
  8
A-WALL
 10
7.43245
 20
6.905575
 30
0.0
 11
7.383275
 21
6.919625
 31
0.0
  0
LINE
  5
339
  8
A-WALL
 10
7.383275
 20
6.919625
 30
0.0
 11
7.383275
 21
7.74155
 31
0.0
  0
LINE
  5
33A
  8
A-WALL
 10
7.383275
 20
7.74155
 30
0.0
 11
7.397325
 21
7.7556
 31
0.0
  0
LINE
  5
33B
  8
A-WALL
 10
8.24735
 20
7.762625
 30
0.0
 11
8.3738
 21
7.7556
 31
0.0
  0
LINE
  5
33C
  8
A-WALL
 10
8.3738
 20
7.7556
 30
0.0
 11
8.3738
 21
7.270875
 31
0.0
  0
LINE
  5
33D
  8
A-WALL
 10
8.3738
 20
7.270875
 30
0.0
 11
8.956875
 21
7.26385
 31
0.0
  0
LINE
  5
33E
  8
A-WALL
 10
8.956875
 20
7.26385
 30
0.0
 11
8.956875
 21
5.177425
 31
0.0
  0
LINE
  5
33F
  8
A-WALL
 10
8.956875
 20
5.177425
 30
0.0
 11
8.86555
 21
5.1704
 31
0.0
  0
LINE
  5
340
  8
A-WALL
 10
8.86555
 20
5.1704
 30
0.0
 11
8.872575
 21
5.10015
 31
0.0
  0
LINE
  5
341
  8
A-WALL
 10
8.872575
 20
5.10015
 30
0.0
 11
8.858525
 21
5.0861
 31
0.0
  0
LINE
  5
342
  8
A-WALL
 10
8.858525
 20
5.0861
 30
0.0
 11
8.844475
 21
5.093125
 31
0.0
  0
LINE
  5
343
  8
A-WALL
 10
8.844475
 20
5.093125
 30
0.0
 11
8.8515
 21
5.177425
 31
0.0
  0
LINE
  5
344
  8
A-WALL
 10
8.8515
 20
5.177425
 30
0.0
 11
8.647775
 21
5.91505
 31
0.0
  0
LINE
  5
345
  8
A-WALL
 10
8.647775
 20
5.91505
 30
0.0
 11
8.535375
 21
5.88695
 31
0.0
  0
LINE
  5
346
  8
A-WALL
 10
8.535375
 20
5.88695
 30
0.0
 11
8.408925
 21
5.8167
 31
0.0
  0
LINE
  5
347
  8
A-WALL
 10
8.408925
 20
5.8167
 30
0.0
 11
8.212225
 21
5.627025
 31
0.0
  0
LINE
  5
348
  8
A-WALL
 10
8.212225
 20
5.627025
 30
0.0
 11
8.10685
 21
5.430325
 31
0.0
  0
LINE
  5
349
  8
A-WALL
 10
8.10685
 20
5.430325
 30
0.0
 11
8.057675
 21
5.1704
 31
0.0
  0
LINE
  5
34A
  8
A-WALL
 10
8.057675
 20
5.1704
 30
0.0
 11
7.846925
 21
5.1704
 31
0.0
  0
LINE
  5
34B
  8
A-WALL
 10
7.846925
 20
5.1704
 30
0.0
 11
7.846925
 21
6.02745
 31
0.0
  0
LINE
  5
34C
  8
A-WALL
 10
7.846925
 20
6.02745
 30
0.0
 11
7.37625
 21
6.034475
 31
0.0
  0
LINE
  5
34D
  8
A-WALL
 10
7.37625
 20
6.034475
 30
0.0
 11
7.37625
 21
6.512175
 31
0.0
  0
LINE
  5
34E
  8
A-WALL
 10
7.37625
 20
6.512175
 30
0.0
 11
7.3903
 21
6.526225
 31
0.0
  0
LINE
  5
34F
  8
A-WALL
 10
7.3903
 20
6.526225
 30
0.0
 11
7.495675
 21
6.512175
 31
0.0
  0
LINE
  5
350
  8
A-WALL
 10
7.495675
 20
6.512175
 30
0.0
 11
7.495675
 21
6.245225
 31
0.0
  0
LINE
  5
351
  8
A-WALL
 10
7.495675
 20
6.245225
 30
0.0
 11
7.40435
 21
6.231175
 31
0.0
  0
LINE
  5
352
  8
A-WALL
 10
7.40435
 20
6.231175
 30
0.0
 11
7.411375
 21
6.217125
 31
0.0
  0
LINE
  5
353
  8
A-WALL
 10
7.411375
 20
6.217125
 30
0.0
 11
7.71345
 21
6.203075
 31
0.0
  0
LINE
  5
354
  8
A-WALL
 10
7.71345
 20
6.203075
 30
0.0
 11
7.8118
 21
6.273325
 31
0.0
  0
LINE
  5
355
  8
A-WALL
 10
7.8118
 20
6.273325
 30
0.0
 11
7.8399
 21
6.357625
 31
0.0
  0
LINE
  5
356
  8
A-WALL
 10
7.8399
 20
6.357625
 30
0.0
 11
7.82585
 21
6.455975
 31
0.0
  0
LINE
  5
357
  8
A-WALL
 10
7.82585
 20
6.455975
 30
0.0
 11
7.776675
 21
6.5192
 31
0.0
  0
LINE
  5
358
  8
A-WALL
 10
7.776675
 20
6.5192
 30
0.0
 11
7.7275
 21
6.5473
 31
0.0
  0
LINE
  5
359
  8
A-WALL
 10
7.7275
 20
6.5473
 30
0.0
 11
7.37625
 21
6.540275
 31
0.0
  0
LINE
  5
35A
  8
A-WALL
 10
7.37625
 20
6.540275
 30
0.0
 11
7.37625
 21
6.891525
 31
0.0
  0
LINE
  5
35B
  8
A-WALL
 10
7.37625
 20
6.891525
 30
0.0
 11
7.82585
 21
6.891525
 31
0.0
  0
LINE
  5
35C
  8
A-WALL
 10
7.82585
 20
6.891525
 30
0.0
 11
7.88205
 21
6.9126
 31
0.0
  0
LINE
  5
35D
  8
A-WALL
 10
7.88205
 20
6.9126
 30
0.0
 11
7.973375
 21
6.989875
 31
0.0
  0
LINE
  5
35E
  8
A-WALL
 10
7.973375
 20
6.989875
 30
0.0
 11
8.240325
 21
7.2779
 31
0.0
  0
LINE
  5
35F
  8
A-WALL
 10
8.240325
 20
7.2779
 30
0.0
 11
8.24735
 21
7.706425
 31
0.0
  0
LINE
  5
360
  8
A-WALL
 10
8.24735
 20
7.706425
 30
0.0
 11
8.2333
 21
7.748575
 31
0.0
  0
LINE
  5
361
  8
A-WALL
 10
8.2333
 20
7.748575
 30
0.0
 11
8.24735
 21
7.762625
 31
0.0
  0
LINE
  5
362
  8
A-FURN
 10
8.16305
 20
6.287375
 30
0.0
 11
8.141975
 21
6.28035
 31
0.0
  0
LINE
  5
363
  8
A-FURN
 10
8.141975
 20
6.28035
 30
0.0
 11
8.141975
 21
6.231175
 31
0.0
  0
LINE
  5
364
  8
A-FURN
 10
8.141975
 20
6.231175
 30
0.0
 11
8.170075
 21
6.25225
 31
0.0
  0
LINE
  5
365
  8
A-FURN
 10
8.170075
 20
6.25225
 30
0.0
 11
8.16305
 21
6.287375
 31
0.0
  0
LINE
  5
366
  8
A-FURN
 10
8.394875
 20
6.3787
 30
0.0
 11
8.4019
 21
6.259275
 31
0.0
  0
LINE
  5
367
  8
A-FURN
 10
8.4019
 20
6.259275
 30
0.0
 11
8.43
 21
6.36465
 31
0.0
  0
LINE
  5
368
  8
A-FURN
 10
8.43
 20
6.36465
 30
0.0
 11
8.465125
 21
6.3506
 31
0.0
  0
LINE
  5
369
  8
A-FURN
 10
8.465125
 20
6.3506
 30
0.0
 11
8.465125
 21
6.259275
 31
0.0
  0
LINE
  5
36A
  8
A-FURN
 10
8.465125
 20
6.259275
 30
0.0
 11
8.4862
 21
6.2663
 31
0.0
  0
LINE
  5
36B
  8
A-FURN
 10
8.4862
 20
6.2663
 30
0.0
 11
8.479175
 21
6.343575
 31
0.0
  0
LINE
  5
36C
  8
A-FURN
 10
8.479175
 20
6.343575
 30
0.0
 11
8.50025
 21
6.36465
 31
0.0
  0
LINE
  5
36D
  8
A-FURN
 10
8.50025
 20
6.36465
 30
0.0
 11
8.535375
 21
6.3506
 31
0.0
  0
LINE
  5
36E
  8
A-FURN
 10
8.535375
 20
6.3506
 30
0.0
 11
8.52835
 21
6.273325
 31
0.0
  0
LINE
  5
36F
  8
A-FURN
 10
8.52835
 20
6.273325
 30
0.0
 11
8.55645
 21
6.2663
 31
0.0
  0
LINE
  5
370
  8
A-FURN
 10
8.55645
 20
6.2663
 30
0.0
 11
8.549425
 21
6.36465
 31
0.0
  0
LINE
  5
371
  8
A-FURN
 10
8.549425
 20
6.36465
 30
0.0
 11
8.52835
 21
6.385725
 31
0.0
  0
LINE
  5
372
  8
A-FURN
 10
8.52835
 20
6.385725
 30
0.0
 11
8.479175
 21
6.36465
 31
0.0
  0
LINE
  5
373
  8
A-FURN
 10
8.479175
 20
6.36465
 30
0.0
 11
8.4581
 21
6.385725
 31
0.0
  0
LINE
  5
374
  8
A-FURN
 10
8.4581
 20
6.385725
 30
0.0
 11
8.394875
 21
6.3787
 31
0.0
  0
LINE
  5
375
  8
A-FURN
 10
8.21925
 20
6.427875
 30
0.0
 11
8.2052
 21
6.343575
 31
0.0
  0
LINE
  5
376
  8
A-FURN
 10
8.2052
 20
6.343575
 30
0.0
 11
8.2614
 21
6.357625
 31
0.0
  0
LINE
  5
377
  8
A-FURN
 10
8.2614
 20
6.357625
 30
0.0
 11
8.282475
 21
6.301425
 31
0.0
  0
LINE
  5
378
  8
A-FURN
 10
8.282475
 20
6.301425
 30
0.0
 11
8.2614
 21
6.28035
 31
0.0
  0
LINE
  5
379
  8
A-FURN
 10
8.2614
 20
6.28035
 30
0.0
 11
8.2333
 21
6.28035
 31
0.0
  0
LINE
  5
37A
  8
A-FURN
 10
8.2333
 20
6.28035
 30
0.0
 11
8.212225
 21
6.30845
 31
0.0
  0
LINE
  5
37B
  8
A-FURN
 10
8.212225
 20
6.30845
 30
0.0
 11
8.198175
 21
6.2943999999999996
 31
0.0
  0
LINE
  5
37C
  8
A-FURN
 10
8.198175
 20
6.2943999999999996
 30
0.0
 11
8.21925
 21
6.2663
 31
0.0
  0
LINE
  5
37D
  8
A-FURN
 10
8.21925
 20
6.2663
 30
0.0
 11
8.2614
 21
6.259275
 31
0.0
  0
LINE
  5
37E
  8
A-FURN
 10
8.2614
 20
6.259275
 30
0.0
 11
8.30355
 21
6.2943999999999996
 31
0.0
  0
LINE
  5
37F
  8
A-FURN
 10
8.30355
 20
6.2943999999999996
 30
0.0
 11
8.30355
 21
6.343575
 31
0.0
  0
LINE
  5
380
  8
A-FURN
 10
8.30355
 20
6.343575
 30
0.0
 11
8.268425
 21
6.371675
 31
0.0
  0
LINE
  5
381
  8
A-FURN
 10
8.268425
 20
6.371675
 30
0.0
 11
8.2333
 21
6.36465
 31
0.0
  0
LINE
  5
382
  8
A-FURN
 10
8.2333
 20
6.36465
 30
0.0
 11
8.226275
 21
6.399775
 31
0.0
  0
LINE
  5
383
  8
A-FURN
 10
8.226275
 20
6.399775
 30
0.0
 11
8.30355
 21
6.42085
 31
0.0
  0
LINE
  5
384
  8
A-FURN
 10
8.30355
 20
6.42085
 30
0.0
 11
8.21925
 21
6.427875
 31
0.0
  0
LINE
  5
385
  8
A-FURN
 10
8.071725
 20
6.427875
 30
0.0
 11
8.001475
 21
6.30845
 31
0.0
  0
LINE
  5
386
  8
A-FURN
 10
8.001475
 20
6.30845
 30
0.0
 11
8.0647
 21
6.301425
 31
0.0
  0
LINE
  5
387
  8
A-FURN
 10
8.0647
 20
6.301425
 30
0.0
 11
8.085775
 21
6.259275
 31
0.0
  0
LINE
  5
388
  8
A-FURN
 10
8.085775
 20
6.259275
 30
0.0
 11
8.113875
 21
6.315475
 31
0.0
  0
LINE
  5
389
  8
A-FURN
 10
8.113875
 20
6.315475
 30
0.0
 11
8.085775
 21
6.329525
 31
0.0
  0
LINE
  5
38A
  8
A-FURN
 10
8.085775
 20
6.329525
 30
0.0
 11
8.0928
 21
6.42085
 31
0.0
  0
LINE
  5
38B
  8
A-FURN
 10
8.0928
 20
6.42085
 30
0.0
 11
8.071725
 21
6.427875
 31
0.0
  0
LINE
  5
38C
  8
A-FURN
 10
8.0647
 20
6.385725
 30
0.0
 11
8.071725
 21
6.3225
 31
0.0
  0
LINE
  5
38D
  8
A-FURN
 10
8.071725
 20
6.3225
 30
0.0
 11
8.029575
 21
6.315475
 31
0.0
  0
LINE
  5
38E
  8
A-FURN
 10
8.029575
 20
6.315475
 30
0.0
 11
8.0647
 21
6.385725
 31
0.0
  0
LINE
  5
38F
  8
A-FURN
 10
8.58455
 20
6.427875
 30
0.0
 11
8.577525
 21
6.4068
 31
0.0
  0
LINE
  5
390
  8
A-FURN
 10
8.577525
 20
6.4068
 30
0.0
 11
8.61265
 21
6.413825
 31
0.0
  0
LINE
  5
391
  8
A-FURN
 10
8.61265
 20
6.413825
 30
0.0
 11
8.619675
 21
6.39275
 31
0.0
  0
LINE
  5
392
  8
A-FURN
 10
8.619675
 20
6.39275
 30
0.0
 11
8.577525
 21
6.343575
 31
0.0
  0
LINE
  5
393
  8
A-FURN
 10
8.577525
 20
6.343575
 30
0.0
 11
8.64075
 21
6.343575
 31
0.0
  0
LINE
  5
394
  8
A-FURN
 10
8.64075
 20
6.343575
 30
0.0
 11
8.61265
 21
6.36465
 31
0.0
  0
LINE
  5
395
  8
A-FURN
 10
8.61265
 20
6.36465
 30
0.0
 11
8.64075
 21
6.413825
 31
0.0
  0
LINE
  5
396
  8
A-FURN
 10
8.64075
 20
6.413825
 30
0.0
 11
8.61265
 21
6.4349
 31
0.0
  0
LINE
  5
397
  8
A-FURN
 10
8.61265
 20
6.4349
 30
0.0
 11
8.58455
 21
6.427875
 31
0.0
  0
LINE
  5
398
  8
A-FURN
 10
8.64075
 20
6.64565
 30
0.0
 11
8.64075
 21
6.5192
 31
0.0
  0
LINE
  5
399
  8
A-FURN
 10
8.64075
 20
6.5192
 30
0.0
 11
8.661825
 21
6.526225
 31
0.0
  0
LINE
  5
39A
  8
A-FURN
 10
8.661825
 20
6.526225
 30
0.0
 11
8.66885
 21
6.624575
 31
0.0
  0
LINE
  5
39B
  8
A-FURN
 10
8.66885
 20
6.624575
 30
0.0
 11
8.711
 21
6.610525
 31
0.0
  0
LINE
  5
39C
  8
A-FURN
 10
8.711
 20
6.610525
 30
0.0
 11
8.711
 21
6.5192
 31
0.0
  0
LINE
  5
39D
  8
A-FURN
 10
8.711
 20
6.5192
 30
0.0
 11
8.732075
 21
6.526225
 31
0.0
  0
LINE
  5
39E
  8
A-FURN
 10
8.732075
 20
6.526225
 30
0.0
 11
8.72505
 21
6.6035
 31
0.0
  0
LINE
  5
39F
  8
A-FURN
 10
8.72505
 20
6.6035
 30
0.0
 11
8.746125
 21
6.624575
 31
0.0
  0
LINE
  5
3A0
  8
A-FURN
 10
8.746125
 20
6.624575
 30
0.0
 11
8.78125
 21
6.610525
 31
0.0
  0
LINE
  5
3A1
  8
A-FURN
 10
8.78125
 20
6.610525
 30
0.0
 11
8.774225
 21
6.526225
 31
0.0
  0
LINE
  5
3A2
  8
A-FURN
 10
8.774225
 20
6.526225
 30
0.0
 11
8.802325
 21
6.526225
 31
0.0
  0
LINE
  5
3A3
  8
A-FURN
 10
8.802325
 20
6.526225
 30
0.0
 11
8.7953
 21
6.624575
 31
0.0
  0
LINE
  5
3A4
  8
A-FURN
 10
8.7953
 20
6.624575
 30
0.0
 11
8.774225
 21
6.64565
 31
0.0
  0
LINE
  5
3A5
  8
A-FURN
 10
8.774225
 20
6.64565
 30
0.0
 11
8.732075
 21
6.624575
 31
0.0
  0
LINE
  5
3A6
  8
A-FURN
 10
8.732075
 20
6.624575
 30
0.0
 11
8.703975
 21
6.64565
 31
0.0
  0
LINE
  5
3A7
  8
A-FURN
 10
8.703975
 20
6.64565
 30
0.0
 11
8.66885
 21
6.6316
 31
0.0
  0
LINE
  5
3A8
  8
A-FURN
 10
8.66885
 20
6.6316
 30
0.0
 11
8.64075
 21
6.64565
 31
0.0
  0
LINE
  5
3A9
  8
A-FURN
 10
8.549425
 20
6.64565
 30
0.0
 11
8.5143
 21
6.624575
 31
0.0
  0
LINE
  5
3AA
  8
A-FURN
 10
8.5143
 20
6.624575
 30
0.0
 11
8.507275
 21
6.554325
 31
0.0
  0
LINE
  5
3AB
  8
A-FURN
 10
8.507275
 20
6.554325
 30
0.0
 11
8.52835
 21
6.526225
 31
0.0
  0
LINE
  5
3AC
  8
A-FURN
 10
8.52835
 20
6.526225
 30
0.0
 11
8.577525
 21
6.5192
 31
0.0
  0
LINE
  5
3AD
  8
A-FURN
 10
8.577525
 20
6.5192
 30
0.0
 11
8.605625
 21
6.540275
 31
0.0
  0
LINE
  5
3AE
  8
A-FURN
 10
8.605625
 20
6.540275
 30
0.0
 11
8.61265
 21
6.6035
 31
0.0
  0
LINE
  5
3AF
  8
A-FURN
 10
8.61265
 20
6.6035
 30
0.0
 11
8.58455
 21
6.638625
 31
0.0
  0
LINE
  5
3B0
  8
A-FURN
 10
8.58455
 20
6.638625
 30
0.0
 11
8.549425
 21
6.64565
 31
0.0
  0
LINE
  5
3B1
  8
A-FURN
 10
8.5424
 20
6.624575
 30
0.0
 11
8.577525
 21
6.624575
 31
0.0
  0
LINE
  5
3B2
  8
A-FURN
 10
8.577525
 20
6.624575
 30
0.0
 11
8.5986
 21
6.596475
 31
0.0
  0
LINE
  5
3B3
  8
A-FURN
 10
8.5986
 20
6.596475
 30
0.0
 11
8.591575
 21
6.554325
 31
0.0
  0
LINE
  5
3B4
  8
A-FURN
 10
8.591575
 20
6.554325
 30
0.0
 11
8.563475
 21
6.53325
 31
0.0
  0
LINE
  5
3B5
  8
A-FURN
 10
8.563475
 20
6.53325
 30
0.0
 11
8.521325
 21
6.568375
 31
0.0
  0
LINE
  5
3B6
  8
A-FURN
 10
8.521325
 20
6.568375
 30
0.0
 11
8.5424
 21
6.624575
 31
0.0
  0
LINE
  5
3B7
  8
A-FURN
 10
8.422975
 20
6.64565
 30
0.0
 11
8.380825
 21
6.6035
 31
0.0
  0
LINE
  5
3B8
  8
A-FURN
 10
8.380825
 20
6.6035
 30
0.0
 11
8.380825
 21
6.554325
 31
0.0
  0
LINE
  5
3B9
  8
A-FURN
 10
8.380825
 20
6.554325
 30
0.0
 11
8.4019
 21
6.526225
 31
0.0
  0
LINE
  5
3BA
  8
A-FURN
 10
8.4019
 20
6.526225
 30
0.0
 11
8.451075
 21
6.5192
 31
0.0
  0
LINE
  5
3BB
  8
A-FURN
 10
8.451075
 20
6.5192
 30
0.0
 11
8.479175
 21
6.540275
 31
0.0
  0
LINE
  5
3BC
  8
A-FURN
 10
8.479175
 20
6.540275
 30
0.0
 11
8.4862
 21
6.6035
 31
0.0
  0
LINE
  5
3BD
  8
A-FURN
 10
8.4862
 20
6.6035
 30
0.0
 11
8.47215
 21
6.6316
 31
0.0
  0
LINE
  5
3BE
  8
A-FURN
 10
8.47215
 20
6.6316
 30
0.0
 11
8.422975
 21
6.64565
 31
0.0
  0
LINE
  5
3BF
  8
A-FURN
 10
8.41595
 20
6.624575
 30
0.0
 11
8.451075
 21
6.624575
 31
0.0
  0
LINE
  5
3C0
  8
A-FURN
 10
8.451075
 20
6.624575
 30
0.0
 11
8.47215
 21
6.596475
 31
0.0
  0
LINE
  5
3C1
  8
A-FURN
 10
8.47215
 20
6.596475
 30
0.0
 11
8.451075
 21
6.540275
 31
0.0
  0
LINE
  5
3C2
  8
A-FURN
 10
8.451075
 20
6.540275
 30
0.0
 11
8.4019
 21
6.554325
 31
0.0
  0
LINE
  5
3C3
  8
A-FURN
 10
8.4019
 20
6.554325
 30
0.0
 11
8.394875
 21
6.58945
 31
0.0
  0
LINE
  5
3C4
  8
A-FURN
 10
8.394875
 20
6.58945
 30
0.0
 11
8.41595
 21
6.624575
 31
0.0
  0
LINE
  5
3C5
  8
A-FURN
 10
8.35975
 20
6.64565
 30
0.0
 11
8.310575
 21
6.638625
 31
0.0
  0
LINE
  5
3C6
  8
A-FURN
 10
8.310575
 20
6.638625
 30
0.0
 11
8.3176
 21
6.5192
 31
0.0
  0
LINE
  5
3C7
  8
A-FURN
 10
8.3176
 20
6.5192
 30
0.0
 11
8.33165
 21
6.526225
 31
0.0
  0
LINE
  5
3C8
  8
A-FURN
 10
8.33165
 20
6.526225
 30
0.0
 11
8.324625
 21
6.596475
 31
0.0
  0
LINE
  5
3C9
  8
A-FURN
 10
8.324625
 20
6.596475
 30
0.0
 11
8.366775
 21
6.624575
 31
0.0
  0
LINE
  5
3CA
  8
A-FURN
 10
8.366775
 20
6.624575
 30
0.0
 11
8.35975
 21
6.64565
 31
0.0
  0
LINE
  5
3CB
  8
A-FURN
 10
8.02255
 20
6.64565
 30
0.0
 11
7.99445
 21
6.6035
 31
0.0
  0
LINE
  5
3CC
  8
A-FURN
 10
7.99445
 20
6.6035
 30
0.0
 11
8.02255
 21
6.624575
 31
0.0
  0
LINE
  5
3CD
  8
A-FURN
 10
8.02255
 20
6.624575
 30
0.0
 11
8.057675
 21
6.624575
 31
0.0
  0
LINE
  5
3CE
  8
A-FURN
 10
8.057675
 20
6.624575
 30
0.0
 11
8.071725
 21
6.6035
 31
0.0
  0
LINE
  5
3CF
  8
A-FURN
 10
8.071725
 20
6.6035
 30
0.0
 11
8.015525
 21
6.58945
 31
0.0
  0
LINE
  5
3D0
  8
A-FURN
 10
8.015525
 20
6.58945
 30
0.0
 11
7.987425
 21
6.5473
 31
0.0
  0
LINE
  5
3D1
  8
A-FURN
 10
7.987425
 20
6.5473
 30
0.0
 11
8.0085
 21
6.5192
 31
0.0
  0
LINE
  5
3D2
  8
A-FURN
 10
8.0085
 20
6.5192
 30
0.0
 11
8.057675
 21
6.53325
 31
0.0
  0
LINE
  5
3D3
  8
A-FURN
 10
8.057675
 20
6.53325
 30
0.0
 11
8.085775
 21
6.5192
 31
0.0
  0
LINE
  5
3D4
  8
A-FURN
 10
8.085775
 20
6.5192
 30
0.0
 11
8.085775
 21
6.61755
 31
0.0
  0
LINE
  5
3D5
  8
A-FURN
 10
8.085775
 20
6.61755
 30
0.0
 11
8.057675
 21
6.64565
 31
0.0
  0
LINE
  5
3D6
  8
A-FURN
 10
8.057675
 20
6.64565
 30
0.0
 11
8.02255
 21
6.64565
 31
0.0
  0
LINE
  5
3D7
  8
A-FURN
 10
8.0085
 20
6.5473
 30
0.0
 11
8.0366
 21
6.582425
 31
0.0
  0
LINE
  5
3D8
  8
A-FURN
 10
8.0366
 20
6.582425
 30
0.0
 11
8.071725
 21
6.5754
 31
0.0
  0
LINE
  5
3D9
  8
A-FURN
 10
8.071725
 20
6.5754
 30
0.0
 11
8.0366
 21
6.53325
 31
0.0
  0
LINE
  5
3DA
  8
A-FURN
 10
8.0366
 20
6.53325
 30
0.0
 11
8.0085
 21
6.5473
 31
0.0
  0
LINE
  5
3DB
  8
A-FURN
 10
8.127925
 20
6.680775
 30
0.0
 11
8.1209
 21
6.540275
 31
0.0
  0
LINE
  5
3DC
  8
A-FURN
 10
8.1209
 20
6.540275
 30
0.0
 11
8.156025
 21
6.5192
 31
0.0
  0
LINE
  5
3DD
  8
A-FURN
 10
8.156025
 20
6.5192
 30
0.0
 11
8.141975
 21
6.5473
 31
0.0
  0
LINE
  5
3DE
  8
A-FURN
 10
8.141975
 20
6.5473
 30
0.0
 11
8.156025
 21
6.638625
 31
0.0
  0
LINE
  5
3DF
  8
A-FURN
 10
8.156025
 20
6.638625
 30
0.0
 11
8.127925
 21
6.680775
 31
0.0
  0
LINE
  5
3E0
  8
A-FURN
 10
8.184125
 20
6.6878
 30
0.0
 11
8.184125
 21
6.526225
 31
0.0
  0
LINE
  5
3E1
  8
A-FURN
 10
8.184125
 20
6.526225
 30
0.0
 11
8.2052
 21
6.526225
 31
0.0
  0
LINE
  5
3E2
  8
A-FURN
 10
8.2052
 20
6.526225
 30
0.0
 11
8.2052
 21
6.610525
 31
0.0
  0
LINE
  5
3E3
  8
A-FURN
 10
8.2052
 20
6.610525
 30
0.0
 11
8.24735
 21
6.624575
 31
0.0
  0
LINE
  5
3E4
  8
A-FURN
 10
8.24735
 20
6.624575
 30
0.0
 11
8.2614
 21
6.5192
 31
0.0
  0
LINE
  5
3E5
  8
A-FURN
 10
8.2614
 20
6.5192
 30
0.0
 11
8.27545
 21
6.5192
 31
0.0
  0
LINE
  5
3E6
  8
A-FURN
 10
8.27545
 20
6.5192
 30
0.0
 11
8.27545
 21
6.624575
 31
0.0
  0
LINE
  5
3E7
  8
A-FURN
 10
8.27545
 20
6.624575
 30
0.0
 11
8.24735
 21
6.64565
 31
0.0
  0
LINE
  5
3E8
  8
A-FURN
 10
8.24735
 20
6.64565
 30
0.0
 11
8.2052
 21
6.6316
 31
0.0
  0
LINE
  5
3E9
  8
A-FURN
 10
8.2052
 20
6.6316
 30
0.0
 11
8.2052
 21
6.680775
 31
0.0
  0
LINE
  5
3EA
  8
A-FURN
 10
8.2052
 20
6.680775
 30
0.0
 11
8.184125
 21
6.6878
 31
0.0
  0
LINE
  5
3EB
  8
A-FURN
 10
7.846925
 20
6.6878
 30
0.0
 11
7.8399
 21
6.526225
 31
0.0
  0
LINE
  5
3EC
  8
A-FURN
 10
7.8399
 20
6.526225
 30
0.0
 11
7.93825
 21
6.526225
 31
0.0
  0
LINE
  5
3ED
  8
A-FURN
 10
7.93825
 20
6.526225
 30
0.0
 11
7.96635
 21
6.56135
 31
0.0
  0
LINE
  5
3EE
  8
A-FURN
 10
7.96635
 20
6.56135
 30
0.0
 11
7.93825
 21
6.610525
 31
0.0
  0
LINE
  5
3EF
  8
A-FURN
 10
7.93825
 20
6.610525
 30
0.0
 11
7.9523
 21
6.666725
 31
0.0
  0
LINE
  5
3F0
  8
A-FURN
 10
7.9523
 20
6.666725
 30
0.0
 11
7.9242
 21
6.6878
 31
0.0
  0
LINE
  5
3F1
  8
A-FURN
 10
7.9242
 20
6.6878
 30
0.0
 11
7.846925
 21
6.6878
 31
0.0
  0
LINE
  5
3F2
  8
A-FURN
 10
7.860975
 20
6.596475
 30
0.0
 11
7.917175
 21
6.6035
 31
0.0
  0
LINE
  5
3F3
  8
A-FURN
 10
7.917175
 20
6.6035
 30
0.0
 11
7.945275
 21
6.56135
 31
0.0
  0
LINE
  5
3F4
  8
A-FURN
 10
7.945275
 20
6.56135
 30
0.0
 11
7.9242
 21
6.540275
 31
0.0
  0
LINE
  5
3F5
  8
A-FURN
 10
7.9242
 20
6.540275
 30
0.0
 11
7.868
 21
6.540275
 31
0.0
  0
LINE
  5
3F6
  8
A-FURN
 10
7.868
 20
6.540275
 30
0.0
 11
7.860975
 21
6.596475
 31
0.0
  0
LINE
  5
3F7
  8
A-FURN
 10
7.860975
 20
6.6597
 30
0.0
 11
7.9242
 21
6.666725
 31
0.0
  0
LINE
  5
3F8
  8
A-FURN
 10
7.9242
 20
6.666725
 30
0.0
 11
7.93825
 21
6.6316
 31
0.0
  0
LINE
  5
3F9
  8
A-FURN
 10
7.93825
 20
6.6316
 30
0.0
 11
7.868
 21
6.61755
 31
0.0
  0
LINE
  5
3FA
  8
A-FURN
 10
7.868
 20
6.61755
 30
0.0
 11
7.860975
 21
6.6597
 31
0.0
  0
LINE
  5
3FB
  8
A-WALL
 10
6.30845
 20
7.762625
 30
0.0
 11
7.1374
 21
7.762625
 31
0.0
  0
LINE
  5
3FC
  8
A-WALL
 10
7.1374
 20
7.762625
 30
0.0
 11
7.15145
 21
7.748575
 31
0.0
  0
LINE
  5
3FD
  8
A-WALL
 10
7.15145
 20
7.748575
 30
0.0
 11
7.15145
 21
5.1142
 31
0.0
  0
LINE
  5
3FE
  8
A-WALL
 10
7.15145
 20
5.1142
 30
0.0
 11
7.1374
 21
5.10015
 31
0.0
  0
LINE
  5
3FF
  8
A-WALL
 10
7.1374
 20
5.10015
 30
0.0
 11
6.582425
 21
5.1142
 31
0.0
  0
LINE
  5
400
  8
A-WALL
 10
6.582425
 20
5.1142
 30
0.0
 11
6.582425
 21
7.186575
 31
0.0
  0
LINE
  5
401
  8
A-WALL
 10
6.582425
 20
7.186575
 30
0.0
 11
6.2943999999999996
 21
7.200625
 31
0.0
  0
LINE
  5
402
  8
A-WALL
 10
6.2943999999999996
 20
7.200625
 30
0.0
 11
6.301425
 21
7.40435
 31
0.0
  0
LINE
  5
403
  8
A-WALL
 10
6.301425
 20
7.40435
 30
0.0
 11
6.385725
 21
7.4184
 31
0.0
  0
LINE
  5
404
  8
A-WALL
 10
6.385725
 20
7.4184
 30
0.0
 11
6.385725
 21
7.43245
 31
0.0
  0
LINE
  5
405
  8
A-WALL
 10
6.385725
 20
7.43245
 30
0.0
 11
6.315475
 21
7.425425
 31
0.0
  0
LINE
  5
406
  8
A-WALL
 10
6.315475
 20
7.425425
 30
0.0
 11
6.301425
 21
7.439475
 31
0.0
  0
LINE
  5
407
  8
A-WALL
 10
6.301425
 20
7.439475
 30
0.0
 11
6.30845
 21
7.762625
 31
0.0
  0
LINE
  5
408
  8
A-FURN
 10
6.807225
 20
6.610525
 30
0.0
 11
6.807225
 21
6.512175
 31
0.0
  0
LINE
  5
409
  8
A-FURN
 10
6.807225
 20
6.512175
 30
0.0
 11
6.821275
 21
6.512175
 31
0.0
  0
LINE
  5
40A
  8
A-FURN
 10
6.821275
 20
6.512175
 30
0.0
 11
6.821275
 21
6.610525
 31
0.0
  0
LINE
  5
40B
  8
A-FURN
 10
6.821275
 20
6.610525
 30
0.0
 11
6.807225
 21
6.610525
 31
0.0
  0
LINE
  5
40C
  8
A-FURN
 10
6.95475
 20
6.61755
 30
0.0
 11
6.919625
 21
6.568375
 31
0.0
  0
LINE
  5
40D
  8
A-FURN
 10
6.919625
 20
6.568375
 30
0.0
 11
6.9688
 21
6.540275
 31
0.0
  0
LINE
  5
40E
  8
A-FURN
 10
6.9688
 20
6.540275
 30
0.0
 11
6.989875
 21
6.596475
 31
0.0
  0
LINE
  5
40F
  8
A-FURN
 10
6.989875
 20
6.596475
 30
0.0
 11
6.95475
 21
6.61755
 31
0.0
  0
LINE
  5
410
  8
A-FURN
 10
6.947725
 20
6.596475
 30
0.0
 11
6.98285
 21
6.582425
 31
0.0
  0
LINE
  5
411
  8
A-FURN
 10
6.98285
 20
6.582425
 30
0.0
 11
6.961775
 21
6.554325
 31
0.0
  0
LINE
  5
412
  8
A-FURN
 10
6.961775
 20
6.554325
 30
0.0
 11
6.933675
 21
6.5754
 31
0.0
  0
LINE
  5
413
  8
A-FURN
 10
6.933675
 20
6.5754
 30
0.0
 11
6.947725
 21
6.596475
 31
0.0
  0
LINE
  5
414
  8
A-FURN
 10
7.0531
 20
6.8283
 30
0.0
 11
6.67375
 21
6.8283
 31
0.0
  0
LINE
  5
415
  8
A-FURN
 10
6.67375
 20
6.8283
 30
0.0
 11
6.6597
 21
6.81425
 31
0.0
  0
LINE
  5
416
  8
A-FURN
 10
6.6597
 20
6.81425
 30
0.0
 11
6.6597
 21
6.343575
 31
0.0
  0
LINE
  5
417
  8
A-FURN
 10
6.6597
 20
6.343575
 30
0.0
 11
6.81425
 21
6.3225
 31
0.0
  0
LINE
  5
418
  8
A-FURN
 10
6.81425
 20
6.3225
 30
0.0
 11
6.6597
 21
6.301425
 31
0.0
  0
LINE
  5
419
  8
A-FURN
 10
6.6597
 20
6.301425
 30
0.0
 11
6.666725
 21
5.823725
 31
0.0
  0
LINE
  5
41A
  8
A-FURN
 10
6.666725
 20
5.823725
 30
0.0
 11
6.8002
 21
5.823725
 31
0.0
  0
LINE
  5
41B
  8
A-FURN
 10
6.8002
 20
5.823725
 30
0.0
 11
6.81425
 21
5.74645
 31
0.0
  0
LINE
  5
41C
  8
A-FURN
 10
6.81425
 20
5.74645
 30
0.0
 11
6.8283
 21
5.823725
 31
0.0
  0
LINE
  5
41D
  8
A-FURN
 10
6.8283
 20
5.823725
 30
0.0
 11
7.060125
 21
5.83075
 31
0.0
  0
LINE
  5
41E
  8
A-FURN
 10
7.060125
 20
5.83075
 30
0.0
 11
7.060125
 21
6.30845
 31
0.0
  0
LINE
  5
41F
  8
A-FURN
 10
7.060125
 20
6.30845
 30
0.0
 11
6.835325
 21
6.30845
 31
0.0
  0
LINE
  5
420
  8
A-FURN
 10
6.835325
 20
6.30845
 30
0.0
 11
6.821275
 21
6.42085
 31
0.0
  0
LINE
  5
421
  8
A-FURN
 10
6.821275
 20
6.42085
 30
0.0
 11
6.807225
 21
6.42085
 31
0.0
  0
LINE
  5
422
  8
A-FURN
 10
6.807225
 20
6.42085
 30
0.0
 11
6.8002
 21
6.343575
 31
0.0
  0
LINE
  5
423
  8
A-FURN
 10
6.8002
 20
6.343575
 30
0.0
 11
6.680775
 21
6.357625
 31
0.0
  0
LINE
  5
424
  8
A-FURN
 10
6.680775
 20
6.357625
 30
0.0
 11
6.67375
 21
6.793175
 31
0.0
  0
LINE
  5
425
  8
A-FURN
 10
6.67375
 20
6.793175
 30
0.0
 11
6.694825
 21
6.81425
 31
0.0
  0
LINE
  5
426
  8
A-FURN
 10
6.694825
 20
6.81425
 30
0.0
 11
6.807225
 21
6.81425
 31
0.0
  0
LINE
  5
427
  8
A-FURN
 10
6.807225
 20
6.81425
 30
0.0
 11
6.807225
 21
6.708875
 31
0.0
  0
LINE
  5
428
  8
A-FURN
 10
6.807225
 20
6.708875
 30
0.0
 11
6.821275
 21
6.70185
 31
0.0
  0
LINE
  5
429
  8
A-FURN
 10
6.821275
 20
6.70185
 30
0.0
 11
6.8283
 21
6.81425
 31
0.0
  0
LINE
  5
42A
  8
A-FURN
 10
6.8283
 20
6.81425
 30
0.0
 11
7.032025
 21
6.81425
 31
0.0
  0
LINE
  5
42B
  8
A-FURN
 10
7.032025
 20
6.81425
 30
0.0
 11
7.046075
 21
6.8002
 31
0.0
  0
LINE
  5
42C
  8
A-FURN
 10
7.046075
 20
6.8002
 30
0.0
 11
7.046075
 21
6.357625
 31
0.0
  0
LINE
  5
42D
  8
A-FURN
 10
7.046075
 20
6.357625
 30
0.0
 11
7.025
 21
6.343575
 31
0.0
  0
LINE
  5
42E
  8
A-FURN
 10
7.025
 20
6.343575
 30
0.0
 11
6.849375
 21
6.3506
 31
0.0
  0
LINE
  5
42F
  8
A-FURN
 10
6.849375
 20
6.3506
 30
0.0
 11
6.84235
 21
6.33655
 31
0.0
  0
LINE
  5
430
  8
A-FURN
 10
6.84235
 20
6.33655
 30
0.0
 11
7.0531
 21
6.33655
 31
0.0
  0
LINE
  5
431
  8
A-FURN
 10
7.0531
 20
6.33655
 30
0.0
 11
7.0531
 21
6.8283
 31
0.0
  0
LINE
  5
432
  8
A-FURN
 10
6.6878
 20
6.301425
 30
0.0
 11
7.032025
 21
6.301425
 31
0.0
  0
LINE
  5
433
  8
A-FURN
 10
7.032025
 20
6.301425
 30
0.0
 11
7.046075
 21
6.287375
 31
0.0
  0
LINE
  5
434
  8
A-FURN
 10
7.046075
 20
6.287375
 30
0.0
 11
7.03905
 21
5.837775
 31
0.0
  0
LINE
  5
435
  8
A-FURN
 10
7.03905
 20
5.837775
 30
0.0
 11
6.680775
 21
5.8448
 31
0.0
  0
LINE
  5
436
  8
A-FURN
 10
6.680775
 20
5.8448
 30
0.0
 11
6.6878
 21
6.301425
 31
0.0
  0
LINE
  5
437
  8
A-FURN
 10
6.81425
 20
6.0415
 30
0.0
 11
6.807225
 21
5.94315
 31
0.0
  0
LINE
  5
438
  8
A-FURN
 10
6.807225
 20
5.94315
 30
0.0
 11
6.821275
 21
5.936125
 31
0.0
  0
LINE
  5
439
  8
A-FURN
 10
6.821275
 20
5.936125
 30
0.0
 11
6.81425
 21
6.0415
 31
0.0
  0
LINE
  5
43A
  8
A-FURN
 10
6.95475
 20
6.11175
 30
0.0
 11
6.919625
 21
6.062575
 31
0.0
  0
LINE
  5
43B
  8
A-FURN
 10
6.919625
 20
6.062575
 30
0.0
 11
6.9407
 21
6.034475
 31
0.0
  0
LINE
  5
43C
  8
A-FURN
 10
6.9407
 20
6.034475
 30
0.0
 11
6.975825
 21
6.034475
 31
0.0
  0
LINE
  5
43D
  8
A-FURN
 10
6.975825
 20
6.034475
 30
0.0
 11
6.989875
 21
6.090675
 31
0.0
  0
LINE
  5
43E
  8
A-FURN
 10
6.989875
 20
6.090675
 30
0.0
 11
6.95475
 21
6.11175
 31
0.0
  0
LINE
  5
43F
  8
A-FURN
 10
6.933675
 20
6.076625
 30
0.0
 11
6.961775
 21
6.090675
 31
0.0
  0
LINE
  5
440
  8
A-FURN
 10
6.961775
 20
6.090675
 30
0.0
 11
6.98285
 21
6.062575
 31
0.0
  0
LINE
  5
441
  8
A-FURN
 10
6.98285
 20
6.062575
 30
0.0
 11
6.95475
 21
6.048525
 31
0.0
  0
LINE
  5
442
  8
A-FURN
 10
6.95475
 20
6.048525
 30
0.0
 11
6.933675
 21
6.076625
 31
0.0
  0
LINE
  5
443
  8
A-FURN
 10
6.821275
 20
6.231175
 30
0.0
 11
6.807225
 21
6.22415
 31
0.0
  0
LINE
  5
444
  8
A-FURN
 10
6.807225
 20
6.22415
 30
0.0
 11
6.81425
 21
6.1258
 31
0.0
  0
LINE
  5
445
  8
A-FURN
 10
6.81425
 20
6.1258
 30
0.0
 11
6.821275
 21
6.231175
 31
0.0
  0
LINE
  5
446
  8
A-FURN
 10
6.81425
 20
6.9969
 30
0.0
 11
6.807225
 21
6.89855
 31
0.0
  0
LINE
  5
447
  8
A-FURN
 10
6.807225
 20
6.89855
 30
0.0
 11
6.821275
 21
6.891525
 31
0.0
  0
LINE
  5
448
  8
A-FURN
 10
6.821275
 20
6.891525
 30
0.0
 11
6.81425
 21
6.9969
 31
0.0
  0
LINE
  5
449
  8
A-FURN
 10
6.81425
 20
7.186575
 30
0.0
 11
6.807225
 21
7.0882249999999996
 31
0.0
  0
LINE
  5
44A
  8
A-FURN
 10
6.807225
 20
7.0882249999999996
 30
0.0
 11
6.821275
 21
7.0812
 31
0.0
  0
LINE
  5
44B
  8
A-FURN
 10
6.821275
 20
7.0812
 30
0.0
 11
6.81425
 21
7.186575
 31
0.0
  0
LINE
  5
44C
  8
A-WALL
 10
6.807225
 20
7.37625
 30
0.0
 11
6.807225
 21
7.2779
 31
0.0
  0
LINE
  5
44D
  8
A-WALL
 10
6.807225
 20
7.2779
 30
0.0
 11
6.821275
 21
7.270875
 31
0.0
  0
LINE
  5
44E
  8
A-WALL
 10
6.821275
 20
7.270875
 30
0.0
 11
6.821275
 21
7.37625
 31
0.0
  0
LINE
  5
44F
  8
A-WALL
 10
6.821275
 20
7.37625
 30
0.0
 11
6.807225
 21
7.37625
 31
0.0
  0
LINE
  5
450
  8
A-WALL
 10
6.67375
 20
7.43245
 30
0.0
 11
6.67375
 21
7.411375
 31
0.0
  0
LINE
  5
451
  8
A-WALL
 10
6.67375
 20
7.411375
 30
0.0
 11
6.765075
 21
7.411375
 31
0.0
  0
LINE
  5
452
  8
A-WALL
 10
6.765075
 20
7.411375
 30
0.0
 11
6.765075
 21
7.43245
 31
0.0
  0
LINE
  5
453
  8
A-WALL
 10
6.765075
 20
7.43245
 30
0.0
 11
6.67375
 21
7.43245
 31
0.0
  0
LINE
  5
454
  8
A-WALL
 10
6.484075
 20
7.43245
 30
0.0
 11
6.484075
 21
7.411375
 31
0.0
  0
LINE
  5
455
  8
A-WALL
 10
6.484075
 20
7.411375
 30
0.0
 11
6.5754
 21
7.411375
 31
0.0
  0
LINE
  5
456
  8
A-WALL
 10
6.5754
 20
7.411375
 30
0.0
 11
6.5754
 21
7.43245
 31
0.0
  0
LINE
  5
457
  8
A-WALL
 10
6.5754
 20
7.43245
 30
0.0
 11
6.484075
 21
7.43245
 31
0.0
  0
LINE
  5
458
  8
A-WALL
 10
5.444375
 20
7.748575
 30
0.0
 11
5.458425
 21
7.762625
 31
0.0
  0
LINE
  5
459
  8
A-WALL
 10
5.458425
 20
7.762625
 30
0.0
 11
6.28035
 21
7.762625
 31
0.0
  0
LINE
  5
45A
  8
A-WALL
 10
6.28035
 20
7.762625
 30
0.0
 11
6.2943999999999996
 21
7.748575
 31
0.0
  0
LINE
  5
45B
  8
A-WALL
 10
6.2943999999999996
 20
7.748575
 30
0.0
 11
6.2943999999999996
 21
7.2217
 31
0.0
  0
LINE
  5
45C
  8
A-WALL
 10
6.2943999999999996
 20
7.2217
 30
0.0
 11
6.28035
 21
7.20765
 31
0.0
  0
LINE
  5
45D
  8
A-WALL
 10
6.28035
 20
7.20765
 30
0.0
 11
5.458425
 21
7.214675
 31
0.0
  0
LINE
  5
45E
  8
A-WALL
 10
5.458425
 20
7.214675
 30
0.0
 11
5.444375
 21
7.748575
 31
0.0
  0
LINE
  5
45F
  8
A-WALL
 10
6.02745
 20
7.734525
 30
0.0
 11
6.0134
 21
7.720475
 31
0.0
  0
LINE
  5
460
  8
A-WALL
 10
6.0134
 20
7.720475
 30
0.0
 11
6.0134
 21
7.2498
 31
0.0
  0
LINE
  5
461
  8
A-WALL
 10
6.0134
 20
7.2498
 30
0.0
 11
6.2663
 21
7.242775
 31
0.0
  0
LINE
  5
462
  8
A-WALL
 10
6.2663
 20
7.242775
 30
0.0
 11
6.2663
 21
7.7275
 31
0.0
  0
LINE
  5
463
  8
A-WALL
 10
6.2663
 20
7.7275
 30
0.0
 11
6.02745
 21
7.734525
 31
0.0
  0
LINE
  5
464
  8
A-WALL
 10
6.174975
 20
7.355175
 30
0.0
 11
6.259275
 21
7.34815
 31
0.0
  0
LINE
  5
465
  8
A-WALL
 10
6.259275
 20
7.34815
 30
0.0
 11
6.245225
 21
7.2498
 31
0.0
  0
LINE
  5
466
  8
A-WALL
 10
6.245225
 20
7.2498
 30
0.0
 11
6.146875
 21
7.256825
 31
0.0
  0
LINE
  5
467
  8
A-WALL
 10
6.146875
 20
7.256825
 30
0.0
 11
6.146875
 21
7.32005
 31
0.0
  0
LINE
  5
468
  8
A-WALL
 10
6.146875
 20
7.32005
 30
0.0
 11
6.174975
 21
7.355175
 31
0.0
  0
LINE
  5
469
  8
A-WALL
 10
6.0977
 20
7.3622
 30
0.0
 11
6.13985
 21
7.313025
 31
0.0
  0
LINE
  5
46A
  8
A-WALL
 10
6.13985
 20
7.313025
 30
0.0
 11
6.13985
 21
7.26385
 31
0.0
  0
LINE
  5
46B
  8
A-WALL
 10
6.13985
 20
7.26385
 30
0.0
 11
6.0415
 21
7.2498
 31
0.0
  0
LINE
  5
46C
  8
A-WALL
 10
6.0415
 20
7.2498
 30
0.0
 11
6.02745
 21
7.34815
 31
0.0
  0
LINE
  5
46D
  8
A-WALL
 10
6.02745
 20
7.34815
 30
0.0
 11
6.0977
 21
7.3622
 31
0.0
  0
LINE
  5
46E
  8
A-WALL
 10
6.13985
 20
7.3903
 30
0.0
 11
6.16795
 21
7.369225
 31
0.0
  0
LINE
  5
46F
  8
A-WALL
 10
6.16795
 20
7.369225
 30
0.0
 11
6.146875
 21
7.341125
 31
0.0
  0
LINE
  5
470
  8
A-WALL
 10
6.146875
 20
7.341125
 30
0.0
 11
6.118775
 21
7.355175
 31
0.0
  0
LINE
  5
471
  8
A-WALL
 10
6.118775
 20
7.355175
 30
0.0
 11
6.13985
 21
7.3903
 31
0.0
  0
LINE
  5
472
  8
A-WALL
 10
6.189025
 20
7.579975
 30
0.0
 11
6.259275
 21
7.565925
 31
0.0
  0
LINE
  5
473
  8
A-WALL
 10
6.259275
 20
7.565925
 30
0.0
 11
6.259275
 21
7.383275
 31
0.0
  0
LINE
  5
474
  8
A-WALL
 10
6.259275
 20
7.383275
 30
0.0
 11
6.2382
 21
7.369225
 31
0.0
  0
LINE
  5
475
  8
A-WALL
 10
6.2382
 20
7.369225
 30
0.0
 11
6.174975
 21
7.37625
 31
0.0
  0
LINE
  5
476
  8
A-WALL
 10
6.174975
 20
7.37625
 30
0.0
 11
6.146875
 21
7.40435
 31
0.0
  0
LINE
  5
477
  8
A-WALL
 10
6.146875
 20
7.40435
 30
0.0
 11
6.19605
 21
7.4184
 31
0.0
  0
LINE
  5
478
  8
A-WALL
 10
6.19605
 20
7.4184
 30
0.0
 11
6.146875
 21
7.439475
 31
0.0
  0
LINE
  5
479
  8
A-WALL
 10
6.146875
 20
7.439475
 30
0.0
 11
6.146875
 21
7.537825
 31
0.0
  0
LINE
  5
47A
  8
A-WALL
 10
6.146875
 20
7.537825
 30
0.0
 11
6.189025
 21
7.579975
 31
0.0
  0
LINE
  5
47B
  8
A-WALL
 10
6.0415
 20
7.579975
 30
0.0
 11
6.0977
 21
7.579975
 31
0.0
  0
LINE
  5
47C
  8
A-WALL
 10
6.0977
 20
7.579975
 30
0.0
 11
6.132825
 21
7.537825
 31
0.0
  0
LINE
  5
47D
  8
A-WALL
 10
6.132825
 20
7.537825
 30
0.0
 11
6.13985
 21
7.4465
 31
0.0
  0
LINE
  5
47E
  8
A-WALL
 10
6.13985
 20
7.4465
 30
0.0
 11
6.0977
 21
7.425425
 31
0.0
  0
LINE
  5
47F
  8
A-WALL
 10
6.0977
 20
7.425425
 30
0.0
 11
6.132825
 21
7.397325
 31
0.0
  0
LINE
  5
480
  8
A-WALL
 10
6.132825
 20
7.397325
 30
0.0
 11
6.0977
 21
7.369225
 31
0.0
  0
LINE
  5
481
  8
A-WALL
 10
6.0977
 20
7.369225
 30
0.0
 11
6.02745
 21
7.383275
 31
0.0
  0
LINE
  5
482
  8
A-WALL
 10
6.02745
 20
7.383275
 30
0.0
 11
6.020425
 21
7.565925
 31
0.0
  0
LINE
  5
483
  8
A-WALL
 10
6.020425
 20
7.565925
 30
0.0
 11
6.0415
 21
7.579975
 31
0.0
  0
LINE
  5
484
  8
A-WALL
 10
6.13985
 20
7.622125
 30
0.0
 11
6.16795
 21
7.60105
 31
0.0
  0
LINE
  5
485
  8
A-WALL
 10
6.16795
 20
7.60105
 30
0.0
 11
6.146875
 21
7.5589
 31
0.0
  0
LINE
  5
486
  8
A-WALL
 10
6.146875
 20
7.5589
 30
0.0
 11
6.11175
 21
7.587
 31
0.0
  0
LINE
  5
487
  8
A-WALL
 10
6.11175
 20
7.587
 30
0.0
 11
6.13985
 21
7.622125
 31
0.0
  0
LINE
  5
488
  8
A-WALL
 10
6.034475
 20
7.720475
 30
0.0
 11
6.13985
 21
7.706425
 31
0.0
  0
LINE
  5
489
  8
A-WALL
 10
6.13985
 20
7.706425
 30
0.0
 11
6.132825
 21
7.636175
 31
0.0
  0
LINE
  5
48A
  8
A-WALL
 10
6.132825
 20
7.636175
 30
0.0
 11
6.0977
 21
7.594025
 31
0.0
  0
LINE
  5
48B
  8
A-WALL
 10
6.0977
 20
7.594025
 30
0.0
 11
6.02745
 21
7.608075
 31
0.0
  0
LINE
  5
48C
  8
A-WALL
 10
6.02745
 20
7.608075
 30
0.0
 11
6.020425
 21
7.706425
 31
0.0
  0
LINE
  5
48D
  8
A-WALL
 10
6.020425
 20
7.706425
 30
0.0
 11
6.034475
 21
7.720475
 31
0.0
  0
LINE
  5
48E
  8
A-WALL
 10
6.160925
 20
7.7275
 30
0.0
 11
6.259275
 21
7.71345
 31
0.0
  0
LINE
  5
48F
  8
A-WALL
 10
6.259275
 20
7.71345
 30
0.0
 11
6.245225
 21
7.594025
 31
0.0
  0
LINE
  5
490
  8
A-WALL
 10
6.245225
 20
7.594025
 30
0.0
 11
6.189025
 21
7.594025
 31
0.0
  0
LINE
  5
491
  8
A-WALL
 10
6.189025
 20
7.594025
 30
0.0
 11
6.146875
 21
7.636175
 31
0.0
  0
LINE
  5
492
  8
A-WALL
 10
6.146875
 20
7.636175
 30
0.0
 11
6.160925
 21
7.7275
 31
0.0
  0
LINE
  5
493
  8
A-WALL
 10
5.4795
 20
7.7275
 30
0.0
 11
5.4795
 21
7.242775
 31
0.0
  0
LINE
  5
494
  8
A-WALL
 10
5.4795
 20
7.242775
 30
0.0
 11
5.7324
 21
7.2498
 31
0.0
  0
LINE
  5
495
  8
A-WALL
 10
5.7324
 20
7.2498
 30
0.0
 11
5.725375
 21
7.40435
 31
0.0
  0
LINE
  5
496
  8
A-WALL
 10
5.725375
 20
7.40435
 30
0.0
 11
5.809675
 21
7.411375
 31
0.0
  0
LINE
  5
497
  8
A-WALL
 10
5.809675
 20
7.411375
 30
0.0
 11
5.809675
 21
7.43245
 31
0.0
  0
LINE
  5
498
  8
A-WALL
 10
5.809675
 20
7.43245
 30
0.0
 11
5.753475
 21
7.439475
 31
0.0
  0
LINE
  5
499
  8
A-WALL
 10
5.753475
 20
7.439475
 30
0.0
 11
5.7605
 21
7.579975
 31
0.0
  0
LINE
  5
49A
  8
A-WALL
 10
5.7605
 20
7.579975
 30
0.0
 11
5.7886
 21
7.565925
 31
0.0
  0
LINE
  5
49B
  8
A-WALL
 10
5.7886
 20
7.565925
 30
0.0
 11
5.795625
 21
7.523775
 31
0.0
  0
LINE
  5
49C
  8
A-WALL
 10
5.795625
 20
7.523775
 30
0.0
 11
5.865875
 21
7.4746
 31
0.0
  0
LINE
  5
49D
  8
A-WALL
 10
5.865875
 20
7.4746
 30
0.0
 11
5.865875
 21
7.3903
 31
0.0
  0
LINE
  5
49E
  8
A-WALL
 10
5.865875
 20
7.3903
 30
0.0
 11
5.851825
 21
7.37625
 31
0.0
  0
LINE
  5
49F
  8
A-WALL
 10
5.851825
 20
7.37625
 30
0.0
 11
5.74645
 21
7.383275
 31
0.0
  0
LINE
  5
4A0
  8
A-WALL
 10
5.74645
 20
7.383275
 30
0.0
 11
5.753475
 21
7.3622
 31
0.0
  0
LINE
  5
4A1
  8
A-WALL
 10
5.753475
 20
7.3622
 30
0.0
 11
5.992325
 21
7.3622
 31
0.0
  0
LINE
  5
4A2
  8
A-WALL
 10
5.992325
 20
7.3622
 30
0.0
 11
5.99935
 21
7.71345
 31
0.0
  0
LINE
  5
4A3
  8
A-WALL
 10
5.99935
 20
7.71345
 30
0.0
 11
5.9853
 21
7.734525
 31
0.0
  0
LINE
  5
4A4
  8
A-WALL
 10
5.9853
 20
7.734525
 30
0.0
 11
5.753475
 21
7.734525
 31
0.0
  0
LINE
  5
4A5
  8
A-WALL
 10
5.753475
 20
7.734525
 30
0.0
 11
5.753475
 21
7.4465
 31
0.0
  0
LINE
  5
4A6
  8
A-WALL
 10
5.753475
 20
7.4465
 30
0.0
 11
5.739425
 21
7.43245
 31
0.0
  0
LINE
  5
4A7
  8
A-WALL
 10
5.739425
 20
7.43245
 30
0.0
 11
5.725375
 21
7.439475
 31
0.0
  0
LINE
  5
4A8
  8
A-WALL
 10
5.725375
 20
7.439475
 30
0.0
 11
5.725375
 21
7.7275
 31
0.0
  0
LINE
  5
4A9
  8
A-WALL
 10
5.725375
 20
7.7275
 30
0.0
 11
5.4795
 21
7.7275
 31
0.0
  0
LINE
  5
4AA
  8
A-WALL
 10
5.486525
 20
7.34815
 30
0.0
 11
5.5638
 21
7.355175
 31
0.0
  0
LINE
  5
4AB
  8
A-WALL
 10
5.5638
 20
7.355175
 30
0.0
 11
5.5919
 21
7.327075
 31
0.0
  0
LINE
  5
4AC
  8
A-WALL
 10
5.5919
 20
7.327075
 30
0.0
 11
5.5919
 21
7.256825
 31
0.0
  0
LINE
  5
4AD
  8
A-WALL
 10
5.5919
 20
7.256825
 30
0.0
 11
5.500575
 21
7.2498
 31
0.0
  0
LINE
  5
4AE
  8
A-WALL
 10
5.500575
 20
7.2498
 30
0.0
 11
5.486525
 21
7.34815
 31
0.0
  0
LINE
  5
4AF
  8
A-WALL
 10
5.7043
 20
7.3622
 30
0.0
 11
5.71835
 21
7.26385
 31
0.0
  0
LINE
  5
4B0
  8
A-WALL
 10
5.71835
 20
7.26385
 30
0.0
 11
5.62
 21
7.2498
 31
0.0
  0
LINE
  5
4B1
  8
A-WALL
 10
5.62
 20
7.2498
 30
0.0
 11
5.60595
 21
7.32005
 31
0.0
  0
LINE
  5
4B2
  8
A-WALL
 10
5.60595
 20
7.32005
 30
0.0
 11
5.641075
 21
7.355175
 31
0.0
  0
LINE
  5
4B3
  8
A-WALL
 10
5.641075
 20
7.355175
 30
0.0
 11
5.7043
 21
7.3622
 31
0.0
  0
LINE
  5
4B4
  8
A-WALL
 10
5.598925
 20
7.3903
 30
0.0
 11
5.62
 21
7.37625
 31
0.0
  0
LINE
  5
4B5
  8
A-WALL
 10
5.62
 20
7.37625
 30
0.0
 11
5.60595
 21
7.341125
 31
0.0
  0
LINE
  5
4B6
  8
A-WALL
 10
5.60595
 20
7.341125
 30
0.0
 11
5.584875
 21
7.355175
 31
0.0
  0
LINE
  5
4B7
  8
A-WALL
 10
5.584875
 20
7.355175
 30
0.0
 11
5.598925
 21
7.3903
 31
0.0
  0
LINE
  5
4B8
  8
A-WALL
 10
5.655125
 20
7.579975
 30
0.0
 11
5.71835
 21
7.57295
 31
0.0
  0
LINE
  5
4B9
  8
A-WALL
 10
5.71835
 20
7.57295
 30
0.0
 11
5.71835
 21
7.383275
 31
0.0
  0
LINE
  5
4BA
  8
A-WALL
 10
5.71835
 20
7.383275
 30
0.0
 11
5.7043
 21
7.369225
 31
0.0
  0
LINE
  5
4BB
  8
A-WALL
 10
5.7043
 20
7.369225
 30
0.0
 11
5.63405
 21
7.37625
 31
0.0
  0
LINE
  5
4BC
  8
A-WALL
 10
5.63405
 20
7.37625
 30
0.0
 11
5.612975
 21
7.397325
 31
0.0
  0
LINE
  5
4BD
  8
A-WALL
 10
5.612975
 20
7.397325
 30
0.0
 11
5.60595
 21
7.523775
 31
0.0
  0
LINE
  5
4BE
  8
A-WALL
 10
5.60595
 20
7.523775
 30
0.0
 11
5.655125
 21
7.579975
 31
0.0
  0
LINE
  5
4BF
  8
A-WALL
 10
5.49355
 20
7.579975
 30
0.0
 11
5.54975
 21
7.579975
 31
0.0
  0
LINE
  5
4C0
  8
A-WALL
 10
5.54975
 20
7.579975
 30
0.0
 11
5.5919
 21
7.5308
 31
0.0
  0
LINE
  5
4C1
  8
A-WALL
 10
5.5919
 20
7.5308
 30
0.0
 11
5.5919
 21
7.439475
 31
0.0
  0
LINE
  5
4C2
  8
A-WALL
 10
5.5919
 20
7.439475
 30
0.0
 11
5.528675
 21
7.43245
 31
0.0
  0
LINE
  5
4C3
  8
A-WALL
 10
5.528675
 20
7.43245
 30
0.0
 11
5.5357
 21
7.411375
 31
0.0
  0
LINE
  5
4C4
  8
A-WALL
 10
5.5357
 20
7.411375
 30
0.0
 11
5.5919
 21
7.411375
 31
0.0
  0
LINE
  5
4C5
  8
A-WALL
 10
5.5919
 20
7.411375
 30
0.0
 11
5.556775
 21
7.369225
 31
0.0
  0
LINE
  5
4C6
  8
A-WALL
 10
5.556775
 20
7.369225
 30
0.0
 11
5.486525
 21
7.383275
 31
0.0
  0
LINE
  5
4C7
  8
A-WALL
 10
5.486525
 20
7.383275
 30
0.0
 11
5.49355
 21
7.579975
 31
0.0
  0
LINE
  5
4C8
  8
A-WALL
 10
5.978275
 20
7.587
 30
0.0
 11
5.992325
 21
7.57295
 31
0.0
  0
LINE
  5
4C9
  8
A-WALL
 10
5.992325
 20
7.57295
 30
0.0
 11
5.9853
 21
7.439475
 31
0.0
  0
LINE
  5
4CA
  8
A-WALL
 10
5.9853
 20
7.439475
 30
0.0
 11
5.908025
 21
7.4184
 31
0.0
  0
LINE
  5
4CB
  8
A-WALL
 10
5.908025
 20
7.4184
 30
0.0
 11
5.97125
 21
7.4184
 31
0.0
  0
LINE
  5
4CC
  8
A-WALL
 10
5.97125
 20
7.4184
 30
0.0
 11
5.992325
 21
7.3903
 31
0.0
  0
LINE
  5
4CD
  8
A-WALL
 10
5.992325
 20
7.3903
 30
0.0
 11
5.88695
 21
7.37625
 31
0.0
  0
LINE
  5
4CE
  8
A-WALL
 10
5.88695
 20
7.37625
 30
0.0
 11
5.879925
 21
7.4746
 31
0.0
  0
LINE
  5
4CF
  8
A-WALL
 10
5.879925
 20
7.4746
 30
0.0
 11
5.94315
 21
7.51675
 31
0.0
  0
LINE
  5
4D0
  8
A-WALL
 10
5.94315
 20
7.51675
 30
0.0
 11
5.978275
 21
7.587
 31
0.0
  0
LINE
  5
4D1
  8
A-WALL
 10
5.94315
 20
7.587
 30
0.0
 11
5.9572
 21
7.57295
 31
0.0
  0
LINE
  5
4D2
  8
A-WALL
 10
5.9572
 20
7.57295
 30
0.0
 11
5.94315
 21
7.537825
 31
0.0
  0
LINE
  5
4D3
  8
A-WALL
 10
5.94315
 20
7.537825
 30
0.0
 11
5.88695
 21
7.5027
 31
0.0
  0
LINE
  5
4D4
  8
A-WALL
 10
5.88695
 20
7.5027
 30
0.0
 11
5.879925
 21
7.5308
 31
0.0
  0
LINE
  5
4D5
  8
A-WALL
 10
5.879925
 20
7.5308
 30
0.0
 11
5.94315
 21
7.587
 31
0.0
  0
LINE
  5
4D6
  8
A-WALL
 10
5.80265
 20
7.587
 30
0.0
 11
5.865875
 21
7.5308
 31
0.0
  0
LINE
  5
4D7
  8
A-WALL
 10
5.865875
 20
7.5308
 30
0.0
 11
5.85885
 21
7.5027
 31
0.0
  0
LINE
  5
4D8
  8
A-WALL
 10
5.85885
 20
7.5027
 30
0.0
 11
5.80265
 21
7.537825
 31
0.0
  0
LINE
  5
4D9
  8
A-WALL
 10
5.80265
 20
7.537825
 30
0.0
 11
5.7886
 21
7.565925
 31
0.0
  0
LINE
  5
4DA
  8
A-WALL
 10
5.7886
 20
7.565925
 30
0.0
 11
5.80265
 21
7.587
 31
0.0
  0
LINE
  5
4DB
  8
A-WALL
 10
5.865875
 20
7.62915
 30
0.0
 11
5.908025
 21
7.594025
 31
0.0
  0
LINE
  5
4DC
  8
A-WALL
 10
5.908025
 20
7.594025
 30
0.0
 11
5.879925
 21
7.551875
 31
0.0
  0
LINE
  5
4DD
  8
A-WALL
 10
5.879925
 20
7.551875
 30
0.0
 11
5.837775
 21
7.57295
 31
0.0
  0
LINE
  5
4DE
  8
A-WALL
 10
5.837775
 20
7.57295
 30
0.0
 11
5.865875
 21
7.62915
 31
0.0
  0
LINE
  5
4DF
  8
A-WALL
 10
5.598925
 20
7.62915
 30
0.0
 11
5.641075
 21
7.587
 31
0.0
  0
LINE
  5
4E0
  8
A-WALL
 10
5.641075
 20
7.587
 30
0.0
 11
5.60595
 21
7.54485
 31
0.0
  0
LINE
  5
4E1
  8
A-WALL
 10
5.60595
 20
7.54485
 30
0.0
 11
5.5638
 21
7.587
 31
0.0
  0
LINE
  5
4E2
  8
A-WALL
 10
5.5638
 20
7.587
 30
0.0
 11
5.598925
 21
7.62915
 31
0.0
  0
LINE
  5
4E3
  8
A-WALL
 10
5.88695
 20
7.678325
 30
0.0
 11
5.9572
 21
7.6151
 31
0.0
  0
LINE
  5
4E4
  8
A-WALL
 10
5.9572
 20
7.6151
 30
0.0
 11
5.94315
 21
7.594025
 31
0.0
  0
LINE
  5
4E5
  8
A-WALL
 10
5.94315
 20
7.594025
 30
0.0
 11
5.879925
 21
7.6432
 31
0.0
  0
LINE
  5
4E6
  8
A-WALL
 10
5.879925
 20
7.6432
 30
0.0
 11
5.88695
 21
7.678325
 31
0.0
  0
LINE
  5
4E7
  8
A-WALL
 10
5.85885
 20
7.678325
 30
0.0
 11
5.865875
 21
7.650225
 31
0.0
  0
LINE
  5
4E8
  8
A-WALL
 10
5.865875
 20
7.650225
 30
0.0
 11
5.80265
 21
7.594025
 31
0.0
  0
LINE
  5
4E9
  8
A-WALL
 10
5.80265
 20
7.594025
 30
0.0
 11
5.795625
 21
7.62915
 31
0.0
  0
LINE
  5
4EA
  8
A-WALL
 10
5.795625
 20
7.62915
 30
0.0
 11
5.837775
 21
7.678325
 31
0.0
  0
LINE
  5
4EB
  8
A-WALL
 10
5.837775
 20
7.678325
 30
0.0
 11
5.85885
 21
7.678325
 31
0.0
  0
LINE
  5
4EC
  8
A-WALL
 10
5.893975
 20
7.7275
 30
0.0
 11
5.9853
 21
7.71345
 31
0.0
  0
LINE
  5
4ED
  8
A-WALL
 10
5.9853
 20
7.71345
 30
0.0
 11
5.992325
 21
7.608075
 31
0.0
  0
LINE
  5
4EE
  8
A-WALL
 10
5.992325
 20
7.608075
 30
0.0
 11
5.978275
 21
7.594025
 31
0.0
  0
LINE
  5
4EF
  8
A-WALL
 10
5.978275
 20
7.594025
 30
0.0
 11
5.936125
 21
7.6713
 31
0.0
  0
LINE
  5
4F0
  8
A-WALL
 10
5.936125
 20
7.6713
 30
0.0
 11
5.8729
 21
7.706425
 31
0.0
  0
LINE
  5
4F1
  8
A-WALL
 10
5.8729
 20
7.706425
 30
0.0
 11
5.893975
 21
7.7275
 31
0.0
  0
LINE
  5
4F2
  8
A-WALL
 10
5.85885
 20
7.720475
 30
0.0
 11
5.8729
 21
7.706425
 31
0.0
  0
LINE
  5
4F3
  8
A-WALL
 10
5.8729
 20
7.706425
 30
0.0
 11
5.8167
 21
7.678325
 31
0.0
  0
LINE
  5
4F4
  8
A-WALL
 10
5.8167
 20
7.678325
 30
0.0
 11
5.7886
 21
7.6151
 31
0.0
  0
LINE
  5
4F5
  8
A-WALL
 10
5.7886
 20
7.6151
 30
0.0
 11
5.7605
 21
7.60105
 31
0.0
  0
LINE
  5
4F6
  8
A-WALL
 10
5.7605
 20
7.60105
 30
0.0
 11
5.753475
 21
7.71345
 31
0.0
  0
LINE
  5
4F7
  8
A-WALL
 10
5.753475
 20
7.71345
 30
0.0
 11
5.85885
 21
7.720475
 31
0.0
  0
LINE
  5
4F8
  8
A-WALL
 10
5.7043
 20
7.7275
 30
0.0
 11
5.71835
 21
7.60105
 31
0.0
  0
LINE
  5
4F9
  8
A-WALL
 10
5.71835
 20
7.60105
 30
0.0
 11
5.655125
 21
7.594025
 31
0.0
  0
LINE
  5
4FA
  8
A-WALL
 10
5.655125
 20
7.594025
 30
0.0
 11
5.60595
 21
7.650225
 31
0.0
  0
LINE
  5
4FB
  8
A-WALL
 10
5.60595
 20
7.650225
 30
0.0
 11
5.60595
 21
7.71345
 31
0.0
  0
LINE
  5
4FC
  8
A-WALL
 10
5.60595
 20
7.71345
 30
0.0
 11
5.7043
 21
7.7275
 31
0.0
  0
LINE
  5
4FD
  8
A-WALL
 10
5.57785
 20
7.7275
 30
0.0
 11
5.5919
 21
7.6432
 31
0.0
  0
LINE
  5
4FE
  8
A-WALL
 10
5.5919
 20
7.6432
 30
0.0
 11
5.54975
 21
7.594025
 31
0.0
  0
LINE
  5
4FF
  8
A-WALL
 10
5.54975
 20
7.594025
 30
0.0
 11
5.500575
 21
7.594025
 31
0.0
  0
LINE
  5
500
  8
A-WALL
 10
5.500575
 20
7.594025
 30
0.0
 11
5.486525
 21
7.71345
 31
0.0
  0
LINE
  5
501
  8
A-WALL
 10
5.486525
 20
7.71345
 30
0.0
 11
5.57785
 21
7.7275
 31
0.0
  0
LINE
  5
502
  8
A-WALL
 10
5.163375
 20
7.762625
 30
0.0
 11
5.4233
 21
7.762625
 31
0.0
  0
LINE
  5
503
  8
A-WALL
 10
5.4233
 20
7.762625
 30
0.0
 11
5.43735
 21
7.748575
 31
0.0
  0
LINE
  5
504
  8
A-WALL
 10
5.43735
 20
7.748575
 30
0.0
 11
5.43735
 21
7.439475
 31
0.0
  0
LINE
  5
505
  8
A-WALL
 10
5.43735
 20
7.439475
 30
0.0
 11
5.4233
 21
7.425425
 31
0.0
  0
LINE
  5
506
  8
A-WALL
 10
5.4233
 20
7.425425
 30
0.0
 11
5.339
 21
7.43245
 31
0.0
  0
LINE
  5
507
  8
A-WALL
 10
5.339
 20
7.43245
 30
0.0
 11
5.339
 21
7.411375
 31
0.0
  0
LINE
  5
508
  8
A-WALL
 10
5.339
 20
7.411375
 30
0.0
 11
5.4233
 21
7.4184
 31
0.0
  0
LINE
  5
509
  8
A-WALL
 10
5.4233
 20
7.4184
 30
0.0
 11
5.43735
 21
7.40435
 31
0.0
  0
LINE
  5
50A
  8
A-WALL
 10
5.43735
 20
7.40435
 30
0.0
 11
5.430325
 21
7.1936
 31
0.0
  0
LINE
  5
50B
  8
A-WALL
 10
5.430325
 20
7.1936
 30
0.0
 11
5.15635
 21
7.200625
 31
0.0
  0
LINE
  5
50C
  8
A-WALL
 10
5.15635
 20
7.200625
 30
0.0
 11
5.149325
 21
7.397325
 31
0.0
  0
LINE
  5
50D
  8
A-WALL
 10
5.149325
 20
7.397325
 30
0.0
 11
5.24065
 21
7.4184
 31
0.0
  0
LINE
  5
50E
  8
A-WALL
 10
5.24065
 20
7.4184
 30
0.0
 11
5.24065
 21
7.43245
 31
0.0
  0
LINE
  5
50F
  8
A-WALL
 10
5.24065
 20
7.43245
 30
0.0
 11
5.149325
 21
7.4465
 31
0.0
  0
LINE
  5
510
  8
A-WALL
 10
5.149325
 20
7.4465
 30
0.0
 11
5.149325
 21
7.748575
 31
0.0
  0
LINE
  5
511
  8
A-WALL
 10
5.149325
 20
7.748575
 30
0.0
 11
5.163375
 21
7.762625
 31
0.0
  0
LINE
  5
512
  8
A-WALL
 10
4.5803
 20
7.7556
 30
0.0
 11
5.135275
 21
7.762625
 31
0.0
  0
LINE
  5
513
  8
A-WALL
 10
5.135275
 20
7.762625
 30
0.0
 11
5.1423
 21
7.20765
 31
0.0
  0
LINE
  5
514
  8
A-WALL
 10
5.1423
 20
7.20765
 30
0.0
 11
5.12825
 21
7.1936
 31
0.0
  0
LINE
  5
515
  8
A-WALL
 10
5.12825
 20
7.1936
 30
0.0
 11
4.59435
 21
7.1936
 31
0.0
  0
LINE
  5
516
  8
A-WALL
 10
4.59435
 20
7.1936
 30
0.0
 11
4.5803
 21
7.20765
 31
0.0
  0
LINE
  5
517
  8
A-WALL
 10
4.5803
 20
7.20765
 30
0.0
 11
4.5803
 21
7.7556
 31
0.0
  0
LINE
  5
518
  8
A-WALL
 10
4.769975
 20
7.425425
 30
0.0
 11
4.784025
 21
7.4184
 31
0.0
  0
LINE
  5
519
  8
A-WALL
 10
4.784025
 20
7.4184
 30
0.0
 11
4.798075
 21
7.46055
 31
0.0
  0
LINE
  5
51A
  8
A-WALL
 10
4.798075
 20
7.46055
 30
0.0
 11
4.840225
 21
7.4184
 31
0.0
  0
LINE
  5
51B
  8
A-WALL
 10
4.840225
 20
7.4184
 30
0.0
 11
4.8613
 21
7.425425
 31
0.0
  0
LINE
  5
51C
  8
A-WALL
 10
4.8613
 20
7.425425
 30
0.0
 11
4.882375
 21
7.48865
 31
0.0
  0
LINE
  5
51D
  8
A-WALL
 10
4.882375
 20
7.48865
 30
0.0
 11
4.8894
 21
7.425425
 31
0.0
  0
LINE
  5
51E
  8
A-WALL
 10
4.8894
 20
7.425425
 30
0.0
 11
4.90345
 21
7.425425
 31
0.0
  0
LINE
  5
51F
  8
A-WALL
 10
4.90345
 20
7.425425
 30
0.0
 11
4.90345
 21
7.453525
 31
0.0
  0
LINE
  5
520
  8
A-WALL
 10
4.90345
 20
7.453525
 30
0.0
 11
4.938575
 21
7.4746
 31
0.0
  0
LINE
  5
521
  8
A-WALL
 10
4.938575
 20
7.4746
 30
0.0
 11
4.896425
 21
7.48865
 31
0.0
  0
LINE
  5
522
  8
A-WALL
 10
4.896425
 20
7.48865
 30
0.0
 11
4.9456
 21
7.495675
 31
0.0
  0
LINE
  5
523
  8
A-WALL
 10
4.9456
 20
7.495675
 30
0.0
 11
4.9456
 21
7.509725
 31
0.0
  0
LINE
  5
524
  8
A-WALL
 10
4.9456
 20
7.509725
 30
0.0
 11
4.87535
 21
7.5027
 31
0.0
  0
LINE
  5
525
  8
A-WALL
 10
4.87535
 20
7.5027
 30
0.0
 11
4.84725
 21
7.439475
 31
0.0
  0
LINE
  5
526
  8
A-WALL
 10
4.84725
 20
7.439475
 30
0.0
 11
4.826175
 21
7.453525
 31
0.0
  0
LINE
  5
527
  8
A-WALL
 10
4.826175
 20
7.453525
 30
0.0
 11
4.840225
 21
7.495675
 31
0.0
  0
LINE
  5
528
  8
A-WALL
 10
4.840225
 20
7.495675
 30
0.0
 11
4.777
 21
7.509725
 31
0.0
  0
LINE
  5
529
  8
A-WALL
 10
4.777
 20
7.509725
 30
0.0
 11
4.769975
 21
7.425425
 31
0.0
  0
LINE
  5
52A
  8
A-WALL
 10
4.784025
 20
7.48865
 30
0.0
 11
4.8051
 21
7.5027
 31
0.0
  0
LINE
  5
52B
  8
A-WALL
 10
4.8051
 20
7.5027
 30
0.0
 11
4.826175
 21
7.4746
 31
0.0
  0
LINE
  5
52C
  8
A-WALL
 10
4.826175
 20
7.4746
 30
0.0
 11
4.798075
 21
7.467575
 31
0.0
  0
LINE
  5
52D
  8
A-WALL
 10
4.798075
 20
7.467575
 30
0.0
 11
4.784025
 21
7.48865
 31
0.0
  0
LINE
  5
52E
  8
A-WALL
 10
4.151775
 20
7.762625
 30
0.0
 11
4.559225
 21
7.762625
 31
0.0
  0
LINE
  5
52F
  8
A-WALL
 10
4.559225
 20
7.762625
 30
0.0
 11
4.573275
 21
7.748575
 31
0.0
  0
LINE
  5
530
  8
A-WALL
 10
4.573275
 20
7.748575
 30
0.0
 11
4.559225
 21
7.1936
 31
0.0
  0
LINE
  5
531
  8
A-WALL
 10
4.559225
 20
7.1936
 30
0.0
 11
4.1588
 21
7.1936
 31
0.0
  0
LINE
  5
532
  8
A-WALL
 10
4.1588
 20
7.1936
 30
0.0
 11
4.14475
 21
7.20765
 31
0.0
  0
LINE
  5
533
  8
A-WALL
 10
4.14475
 20
7.20765
 30
0.0
 11
4.151775
 21
7.6994
 31
0.0
  0
LINE
  5
534
  8
A-WALL
 10
4.151775
 20
7.6994
 30
0.0
 11
4.137725
 21
7.748575
 31
0.0
  0
LINE
  5
535
  8
A-WALL
 10
4.137725
 20
7.748575
 30
0.0
 11
4.151775
 21
7.762625
 31
0.0
  0
LINE
  5
536
  8
A-WALL
 10
2.058325
 20
7.7556
 30
0.0
 11
4.1307
 21
7.762625
 31
0.0
  0
LINE
  5
537
  8
A-WALL
 10
4.1307
 20
7.762625
 30
0.0
 11
4.137725
 21
7.17955
 31
0.0
  0
LINE
  5
538
  8
A-WALL
 10
4.137725
 20
7.17955
 30
0.0
 11
5.4514
 21
7.17955
 31
0.0
  0
LINE
  5
539
  8
A-WALL
 10
5.4514
 20
7.17955
 30
0.0
 11
5.46545
 21
7.1936
 31
0.0
  0
LINE
  5
53A
  8
A-WALL
 10
5.46545
 20
7.1936
 30
0.0
 11
5.472475
 21
7.17955
 31
0.0
  0
LINE
  5
53B
  8
A-WALL
 10
5.472475
 20
7.17955
 30
0.0
 11
6.554325
 21
7.17955
 31
0.0
  0
LINE
  5
53C
  8
A-WALL
 10
6.554325
 20
7.17955
 30
0.0
 11
6.568375
 21
7.1655
 31
0.0
  0
LINE
  5
53D
  8
A-WALL
 10
6.568375
 20
7.1655
 30
0.0
 11
6.5754
 21
5.093125
 31
0.0
  0
LINE
  5
53E
  8
A-WALL
 10
6.5754
 20
5.093125
 30
0.0
 11
8.071725
 21
5.079075
 31
0.0
  0
LINE
  5
53F
  8
A-WALL
 10
8.071725
 20
5.079075
 30
0.0
 11
8.113875
 21
5.402225
 31
0.0
  0
LINE
  5
540
  8
A-WALL
 10
8.113875
 20
5.402225
 30
0.0
 11
8.240325
 21
5.641075
 31
0.0
  0
LINE
  5
541
  8
A-WALL
 10
8.240325
 20
5.641075
 30
0.0
 11
8.35975
 21
5.7605
 31
0.0
  0
LINE
  5
542
  8
A-WALL
 10
8.35975
 20
5.7605
 30
0.0
 11
8.47215
 21
5.837775
 31
0.0
  0
LINE
  5
543
  8
A-WALL
 10
8.47215
 20
5.837775
 30
0.0
 11
8.633725
 21
5.901
 31
0.0
  0
LINE
  5
544
  8
A-WALL
 10
8.633725
 20
5.901
 30
0.0
 11
8.830425
 21
5.191475
 31
0.0
  0
LINE
  5
545
  8
A-WALL
 10
8.830425
 20
5.191475
 30
0.0
 11
8.830425
 21
5.0861
 31
0.0
  0
LINE
  5
546
  8
A-WALL
 10
8.830425
 20
5.0861
 30
0.0
 11
9.041175
 21
5.079075
 31
0.0
  0
LINE
  5
547
  8
A-WALL
 10
9.041175
 20
5.079075
 30
0.0
 11
9.0482
 21
6.2101
 31
0.0
  0
LINE
  5
548
  8
A-WALL
 10
9.0482
 20
6.2101
 30
0.0
 11
10.600725
 21
6.203075
 31
0.0
  0
LINE
  5
549
  8
A-WALL
 10
10.600725
 20
6.203075
 30
0.0
 11
10.600725
 21
4.84725
 31
0.0
  0
LINE
  5
54A
  8
A-WALL
 10
10.600725
 20
4.84725
 30
0.0
 11
10.579649999999999
 21
4.826175
 31
0.0
  0
LINE
  5
54B
  8
A-WALL
 10
10.579649999999999
 20
4.826175
 30
0.0
 11
10.4813
 21
4.826175
 31
0.0
  0
LINE
  5
54C
  8
A-WALL
 10
10.4813
 20
4.826175
 30
0.0
 11
10.32675
 21
4.784025
 31
0.0
  0
LINE
  5
54D
  8
A-WALL
 10
10.32675
 20
4.784025
 30
0.0
 11
10.13005
 21
4.671625
 31
0.0
  0
LINE
  5
54E
  8
A-WALL
 10
10.13005
 20
4.671625
 30
0.0
 11
10.0317
 21
4.5803
 31
0.0
  0
LINE
  5
54F
  8
A-WALL
 10
10.0317
 20
4.5803
 30
0.0
 11
9.93335
 21
4.446825
 31
0.0
  0
LINE
  5
550
  8
A-WALL
 10
9.93335
 20
4.446825
 30
0.0
 11
9.8631
 21
4.292275
 31
0.0
  0
LINE
  5
551
  8
A-WALL
 10
9.8631
 20
4.292275
 30
0.0
 11
9.8631
 21
4.250125
 31
0.0
  0
LINE
  5
552
  8
A-WALL
 10
9.8631
 20
4.250125
 30
0.0
 11
10.586675
 21
4.06045
 31
0.0
  0
LINE
  5
553
  8
A-WALL
 10
10.586675
 20
4.06045
 30
0.0
 11
10.60775
 21
3.934
 31
0.0
  0
LINE
  5
554
  8
A-WALL
 10
10.60775
 20
3.934
 30
0.0
 11
10.5937
 21
3.91995
 31
0.0
  0
LINE
  5
555
  8
A-WALL
 10
10.5937
 20
3.91995
 30
0.0
 11
8.170075
 21
3.926975
 31
0.0
  0
LINE
  5
556
  8
A-WALL
 10
8.170075
 20
3.926975
 30
0.0
 11
8.141975
 21
3.653
 31
0.0
  0
LINE
  5
557
  8
A-WALL
 10
8.141975
 20
3.653
 30
0.0
 11
8.05065
 21
3.435225
 31
0.0
  0
LINE
  5
558
  8
A-WALL
 10
8.05065
 20
3.435225
 30
0.0
 11
7.875025
 21
3.238525
 31
0.0
  0
LINE
  5
559
  8
A-WALL
 10
7.875025
 20
3.238525
 30
0.0
 11
7.62915
 21
3.10505
 31
0.0
  0
LINE
  5
55A
  8
A-WALL
 10
7.62915
 20
3.10505
 30
0.0
 11
7.594025
 21
3.1191
 31
0.0
  0
LINE
  5
55B
  8
A-WALL
 10
7.594025
 20
3.1191
 30
0.0
 11
7.579975
 21
3.224475
 31
0.0
  0
LINE
  5
55C
  8
A-WALL
 10
7.579975
 20
3.224475
 30
0.0
 11
7.411375
 21
3.8216
 31
0.0
  0
LINE
  5
55D
  8
A-WALL
 10
7.411375
 20
3.8216
 30
0.0
 11
7.411375
 21
3.91995
 31
0.0
  0
LINE
  5
55E
  8
A-WALL
 10
7.411375
 20
3.91995
 30
0.0
 11
7.09525
 21
3.926975
 31
0.0
  0
LINE
  5
55F
  8
A-WALL
 10
7.09525
 20
3.926975
 30
0.0
 11
7.09525
 21
3.5406
 31
0.0
  0
LINE
  5
560
  8
A-WALL
 10
7.09525
 20
3.5406
 30
0.0
 11
7.0812
 21
3.52655
 31
0.0
  0
LINE
  5
561
  8
A-WALL
 10
7.0812
 20
3.52655
 30
0.0
 11
6.6597
 21
3.533575
 31
0.0
  0
LINE
  5
562
  8
A-WALL
 10
6.6597
 20
3.533575
 30
0.0
 11
6.6597
 21
1.678975
 31
0.0
  0
LINE
  5
563
  8
A-WALL
 10
6.6597
 20
1.678975
 30
0.0
 11
7.0812
 21
1.678975
 31
0.0
  0
LINE
  5
564
  8
A-WALL
 10
7.0812
 20
1.678975
 30
0.0
 11
7.09525
 21
1.664925
 31
0.0
  0
LINE
  5
565
  8
A-WALL
 10
7.09525
 20
1.664925
 30
0.0
 11
7.0882249999999996
 21
1.271525
 31
0.0
  0
LINE
  5
566
  8
A-WALL
 10
7.0882249999999996
 20
1.271525
 30
0.0
 11
5.62
 21
1.27855
 31
0.0
  0
LINE
  5
567
  8
A-WALL
 10
5.62
 20
1.27855
 30
0.0
 11
5.612975
 21
2.1075
 31
0.0
  0
LINE
  5
568
  8
A-WALL
 10
5.612975
 20
2.1075
 30
0.0
 11
5.49355
 21
2.114525
 31
0.0
  0
LINE
  5
569
  8
A-WALL
 10
5.49355
 20
2.114525
 30
0.0
 11
5.4795
 21
2.14965
 31
0.0
  0
LINE
  5
56A
  8
A-WALL
 10
5.4795
 20
2.14965
 30
0.0
 11
3.603825
 21
2.14965
 31
0.0
  0
LINE
  5
56B
  8
A-WALL
 10
3.603825
 20
2.14965
 30
0.0
 11
3.589775
 21
2.114525
 31
0.0
  0
LINE
  5
56C
  8
A-WALL
 10
3.589775
 20
2.114525
 30
0.0
 11
3.47035
 21
2.100475
 31
0.0
  0
LINE
  5
56D
  8
A-WALL
 10
3.47035
 20
2.100475
 30
0.0
 11
3.463325
 21
1.27855
 31
0.0
  0
LINE
  5
56E
  8
A-WALL
 10
3.463325
 20
1.27855
 30
0.0
 11
2.072375
 21
1.271525
 31
0.0
  0
LINE
  5
56F
  8
A-WALL
 10
2.072375
 20
1.271525
 30
0.0
 11
2.058325
 21
1.285575
 31
0.0
  0
LINE
  5
570
  8
A-WALL
 10
2.058325
 20
1.285575
 30
0.0
 11
2.072375
 21
1.538475
 31
0.0
  0
LINE
  5
571
  8
A-WALL
 10
2.072375
 20
1.538475
 30
0.0
 11
2.06535
 21
3.168275
 31
0.0
  0
LINE
  5
572
  8
A-WALL
 10
2.06535
 20
3.168275
 30
0.0
 11
1.967
 21
3.18935
 31
0.0
  0
LINE
  5
573
  8
A-WALL
 10
1.967
 20
3.18935
 30
0.0
 11
1.524425
 21
3.955075
 31
0.0
  0
LINE
  5
574
  8
A-WALL
 10
1.524425
 20
3.955075
 30
0.0
 11
1.53145
 21
3.97615
 31
0.0
  0
LINE
  5
575
  8
A-WALL
 10
1.53145
 20
3.97615
 30
0.0
 11
1.693025
 21
4.0464
 31
0.0
  0
LINE
  5
576
  8
A-WALL
 10
1.693025
 20
4.0464
 30
0.0
 11
1.833525
 21
4.081525
 31
0.0
  0
LINE
  5
577
  8
A-WALL
 10
1.833525
 20
4.081525
 30
0.0
 11
1.974025
 21
4.08855
 31
0.0
  0
LINE
  5
578
  8
A-WALL
 10
1.974025
 20
4.08855
 30
0.0
 11
1.974025
 21
4.1026
 31
0.0
  0
LINE
  5
579
  8
A-WALL
 10
1.974025
 20
4.1026
 30
0.0
 11
1.847575
 21
4.1026
 31
0.0
  0
LINE
  5
57A
  8
A-WALL
 10
1.847575
 20
4.1026
 30
0.0
 11
1.664925
 21
4.151775
 31
0.0
  0
LINE
  5
57B
  8
A-WALL
 10
1.664925
 20
4.151775
 30
0.0
 11
1.538475
 21
4.207975
 31
0.0
  0
LINE
  5
57C
  8
A-WALL
 10
1.538475
 20
4.207975
 30
0.0
 11
1.524425
 21
4.236075
 31
0.0
  0
LINE
  5
57D
  8
A-WALL
 10
1.524425
 20
4.236075
 30
0.0
 11
1.988075
 21
5.01585
 31
0.0
  0
LINE
  5
57E
  8
A-WALL
 10
1.988075
 20
5.01585
 30
0.0
 11
2.06535
 21
5.01585
 31
0.0
  0
LINE
  5
57F
  8
A-WALL
 10
2.06535
 20
5.01585
 30
0.0
 11
2.072375
 21
7.48865
 31
0.0
  0
LINE
  5
580
  8
A-WALL
 10
2.072375
 20
7.48865
 30
0.0
 11
2.058325
 21
7.7556
 31
0.0
  0
LINE
  5
581
  8
A-FURN
 10
5.823725
 20
2.6414
 30
0.0
 11
5.80265
 21
2.634375
 31
0.0
  0
LINE
  5
582
  8
A-FURN
 10
5.80265
 20
2.634375
 30
0.0
 11
5.809675
 21
2.5852
 31
0.0
  0
LINE
  5
583
  8
A-FURN
 10
5.809675
 20
2.5852
 30
0.0
 11
5.83075
 21
2.59925
 31
0.0
  0
LINE
  5
584
  8
A-FURN
 10
5.83075
 20
2.59925
 30
0.0
 11
5.823725
 21
2.6414
 31
0.0
  0
LINE
  5
585
  8
A-WALL
 10
6.05555
 20
2.732725
 30
0.0
 11
6.05555
 21
2.620325
 31
0.0
  0
LINE
  5
586
  8
A-WALL
 10
6.05555
 20
2.620325
 30
0.0
 11
6.076625
 21
2.620325
 31
0.0
  0
LINE
  5
587
  8
A-WALL
 10
6.076625
 20
2.620325
 30
0.0
 11
6.076625
 21
2.704625
 31
0.0
  0
LINE
  5
588
  8
A-WALL
 10
6.076625
 20
2.704625
 30
0.0
 11
6.104725
 21
2.7257
 31
0.0
  0
LINE
  5
589
  8
A-WALL
 10
6.104725
 20
2.7257
 30
0.0
 11
6.1258
 21
2.71165
 31
0.0
  0
LINE
  5
58A
  8
A-WALL
 10
6.1258
 20
2.71165
 30
0.0
 11
6.1258
 21
2.620325
 31
0.0
  0
LINE
  5
58B
  8
A-WALL
 10
6.1258
 20
2.620325
 30
0.0
 11
6.146875
 21
2.620325
 31
0.0
  0
LINE
  5
58C
  8
A-WALL
 10
6.146875
 20
2.620325
 30
0.0
 11
6.146875
 21
2.704625
 31
0.0
  0
LINE
  5
58D
  8
A-WALL
 10
6.146875
 20
2.704625
 30
0.0
 11
6.174975
 21
2.7257
 31
0.0
  0
LINE
  5
58E
  8
A-WALL
 10
6.174975
 20
2.7257
 30
0.0
 11
6.19605
 21
2.71165
 31
0.0
  0
LINE
  5
58F
  8
A-WALL
 10
6.19605
 20
2.71165
 30
0.0
 11
6.19605
 21
2.620325
 31
0.0
  0
LINE
  5
590
  8
A-WALL
 10
6.19605
 20
2.620325
 30
0.0
 11
6.217125
 21
2.620325
 31
0.0
  0
LINE
  5
591
  8
A-WALL
 10
6.217125
 20
2.620325
 30
0.0
 11
6.203075
 21
2.732725
 31
0.0
  0
LINE
  5
592
  8
A-WALL
 10
6.203075
 20
2.732725
 30
0.0
 11
6.16795
 21
2.73975
 31
0.0
  0
LINE
  5
593
  8
A-WALL
 10
6.16795
 20
2.73975
 30
0.0
 11
6.146875
 21
2.718675
 31
0.0
  0
LINE
  5
594
  8
A-WALL
 10
6.146875
 20
2.718675
 30
0.0
 11
6.118775
 21
2.73975
 31
0.0
  0
LINE
  5
595
  8
A-WALL
 10
6.118775
 20
2.73975
 30
0.0
 11
6.05555
 21
2.732725
 31
0.0
  0
LINE
  5
596
  8
A-FURN
 10
5.9291
 20
2.7819
 30
0.0
 11
5.851825
 21
2.662475
 31
0.0
  0
LINE
  5
597
  8
A-FURN
 10
5.851825
 20
2.662475
 30
0.0
 11
5.91505
 21
2.662475
 31
0.0
  0
LINE
  5
598
  8
A-FURN
 10
5.91505
 20
2.662475
 30
0.0
 11
5.922075
 21
2.620325
 31
0.0
  0
LINE
  5
599
  8
A-FURN
 10
5.922075
 20
2.620325
 30
0.0
 11
5.94315
 21
2.620325
 31
0.0
  0
LINE
  5
59A
  8
A-FURN
 10
5.94315
 20
2.620325
 30
0.0
 11
5.964225
 21
2.676525
 31
0.0
  0
LINE
  5
59B
  8
A-FURN
 10
5.964225
 20
2.676525
 30
0.0
 11
5.94315
 21
2.68355
 31
0.0
  0
LINE
  5
59C
  8
A-FURN
 10
5.94315
 20
2.68355
 30
0.0
 11
5.94315
 21
2.7819
 31
0.0
  0
LINE
  5
59D
  8
A-FURN
 10
5.94315
 20
2.7819
 30
0.0
 11
5.9291
 21
2.7819
 31
0.0
  0
LINE
  5
59E
  8
A-FURN
 10
5.922075
 20
2.73975
 30
0.0
 11
5.9291
 21
2.68355
 31
0.0
  0
LINE
  5
59F
  8
A-FURN
 10
5.9291
 20
2.68355
 30
0.0
 11
5.88695
 21
2.6695
 31
0.0
  0
LINE
  5
5A0
  8
A-FURN
 10
5.88695
 20
2.6695
 30
0.0
 11
5.879925
 21
2.690575
 31
0.0
  0
LINE
  5
5A1
  8
A-FURN
 10
5.879925
 20
2.690575
 30
0.0
 11
5.922075
 21
2.73975
 31
0.0
  0
LINE
  5
5A2
  8
A-FURN
 10
5.7324
 20
2.7819
 30
0.0
 11
5.683225
 21
2.7257
 31
0.0
  0
LINE
  5
5A3
  8
A-FURN
 10
5.683225
 20
2.7257
 30
0.0
 11
5.725375
 21
2.732725
 31
0.0
  0
LINE
  5
5A4
  8
A-FURN
 10
5.725375
 20
2.732725
 30
0.0
 11
5.725375
 21
2.620325
 31
0.0
  0
LINE
  5
5A5
  8
A-FURN
 10
5.725375
 20
2.620325
 30
0.0
 11
5.74645
 21
2.620325
 31
0.0
  0
LINE
  5
5A6
  8
A-FURN
 10
5.74645
 20
2.620325
 30
0.0
 11
5.74645
 21
2.7819
 31
0.0
  0
LINE
  5
5A7
  8
A-FURN
 10
5.74645
 20
2.7819
 30
0.0
 11
5.7324
 21
2.7819
 31
0.0
  0
LINE
  5
5A8
  8
A-FURN
 10
5.5638
 20
2.774875
 30
0.0
 11
5.542725
 21
2.732725
 31
0.0
  0
LINE
  5
5A9
  8
A-FURN
 10
5.542725
 20
2.732725
 30
0.0
 11
5.5919
 21
2.76785
 31
0.0
  0
LINE
  5
5AA
  8
A-FURN
 10
5.5919
 20
2.76785
 30
0.0
 11
5.63405
 21
2.732725
 31
0.0
  0
LINE
  5
5AB
  8
A-FURN
 10
5.63405
 20
2.732725
 30
0.0
 11
5.542725
 21
2.620325
 31
0.0
  0
LINE
  5
5AC
  8
A-FURN
 10
5.542725
 20
2.620325
 30
0.0
 11
5.655125
 21
2.620325
 31
0.0
  0
LINE
  5
5AD
  8
A-FURN
 10
5.655125
 20
2.620325
 30
0.0
 11
5.6481
 21
2.6414
 31
0.0
  0
LINE
  5
5AE
  8
A-FURN
 10
5.6481
 20
2.6414
 30
0.0
 11
5.57785
 21
2.6414
 31
0.0
  0
LINE
  5
5AF
  8
A-FURN
 10
5.57785
 20
2.6414
 30
0.0
 11
5.63405
 21
2.6976
 31
0.0
  0
LINE
  5
5B0
  8
A-FURN
 10
5.63405
 20
2.6976
 30
0.0
 11
5.6481
 21
2.7538
 31
0.0
  0
LINE
  5
5B1
  8
A-FURN
 10
5.6481
 20
2.7538
 30
0.0
 11
5.62
 21
2.7819
 31
0.0
  0
LINE
  5
5B2
  8
A-FURN
 10
5.62
 20
2.7819
 30
0.0
 11
5.5638
 21
2.774875
 31
0.0
  0
LINE
  5
5B3
  8
A-WALL
 10
6.2663
 20
2.788925
 30
0.0
 11
6.2382
 21
2.760825
 31
0.0
  0
LINE
  5
5B4
  8
A-WALL
 10
6.2382
 20
2.760825
 30
0.0
 11
6.273325
 21
2.774875
 31
0.0
  0
LINE
  5
5B5
  8
A-WALL
 10
6.273325
 20
2.774875
 30
0.0
 11
6.287375
 21
2.7538
 31
0.0
  0
LINE
  5
5B6
  8
A-WALL
 10
6.287375
 20
2.7538
 30
0.0
 11
6.2382
 21
2.704625
 31
0.0
  0
LINE
  5
5B7
  8
A-WALL
 10
6.2382
 20
2.704625
 30
0.0
 11
6.301425
 21
2.6976
 31
0.0
  0
LINE
  5
5B8
  8
A-WALL
 10
6.301425
 20
2.6976
 30
0.0
 11
6.273325
 21
2.718675
 31
0.0
  0
LINE
  5
5B9
  8
A-WALL
 10
6.273325
 20
2.718675
 30
0.0
 11
6.301425
 21
2.774875
 31
0.0
  0
LINE
  5
5BA
  8
A-WALL
 10
6.301425
 20
2.774875
 30
0.0
 11
6.2663
 21
2.788925
 31
0.0
  0
LINE
  5
5BB
  8
A-FURN
 10
5.669175
 20
2.99265
 30
0.0
 11
5.66215
 21
2.88025
 31
0.0
  0
LINE
  5
5BC
  8
A-FURN
 10
5.66215
 20
2.88025
 30
0.0
 11
5.683225
 21
2.88025
 31
0.0
  0
LINE
  5
5BD
  8
A-FURN
 10
5.683225
 20
2.88025
 30
0.0
 11
5.683225
 21
2.99265
 31
0.0
  0
LINE
  5
5BE
  8
A-FURN
 10
5.683225
 20
2.99265
 30
0.0
 11
5.669175
 21
2.99265
 31
0.0
  0
LINE
  5
5BF
  8
A-FURN
 10
5.500575
 20
2.99265
 30
0.0
 11
5.500575
 21
2.88025
 31
0.0
  0
LINE
  5
5C0
  8
A-FURN
 10
5.500575
 20
2.88025
 30
0.0
 11
5.514625
 21
2.88025
 31
0.0
  0
LINE
  5
5C1
  8
A-FURN
 10
5.514625
 20
2.88025
 30
0.0
 11
5.514625
 21
2.99265
 31
0.0
  0
LINE
  5
5C2
  8
A-FURN
 10
5.514625
 20
2.99265
 30
0.0
 11
5.500575
 21
2.99265
 31
0.0
  0
LINE
  5
5C3
  8
A-WALL
 10
6.3787
 20
2.985625
 30
0.0
 11
6.3787
 21
2.957525
 31
0.0
  0
LINE
  5
5C4
  8
A-WALL
 10
6.3787
 20
2.957525
 30
0.0
 11
6.413825
 21
2.985625
 31
0.0
  0
LINE
  5
5C5
  8
A-WALL
 10
6.413825
 20
2.985625
 30
0.0
 11
6.44895
 21
2.957525
 31
0.0
  0
LINE
  5
5C6
  8
A-WALL
 10
6.44895
 20
2.957525
 30
0.0
 11
6.385725
 21
2.93645
 31
0.0
  0
LINE
  5
5C7
  8
A-WALL
 10
6.385725
 20
2.93645
 30
0.0
 11
6.371675
 21
2.8943
 31
0.0
  0
LINE
  5
5C8
  8
A-WALL
 10
6.371675
 20
2.8943
 30
0.0
 11
6.399775
 21
2.873225
 31
0.0
  0
LINE
  5
5C9
  8
A-WALL
 10
6.399775
 20
2.873225
 30
0.0
 11
6.470025
 21
2.88025
 31
0.0
  0
LINE
  5
5CA
  8
A-WALL
 10
6.470025
 20
2.88025
 30
0.0
 11
6.470025
 21
2.9786
 31
0.0
  0
LINE
  5
5CB
  8
A-WALL
 10
6.470025
 20
2.9786
 30
0.0
 11
6.441925
 21
2.999675
 31
0.0
  0
LINE
  5
5CC
  8
A-WALL
 10
6.441925
 20
2.999675
 30
0.0
 11
6.3787
 21
2.985625
 31
0.0
  0
LINE
  5
5CD
  8
A-WALL
 10
6.455975
 20
2.9224
 30
0.0
 11
6.427875
 21
2.8943
 31
0.0
  0
LINE
  5
5CE
  8
A-WALL
 10
6.427875
 20
2.8943
 30
0.0
 11
6.385725
 21
2.90835
 31
0.0
  0
LINE
  5
5CF
  8
A-WALL
 10
6.385725
 20
2.90835
 30
0.0
 11
6.427875
 21
2.93645
 31
0.0
  0
LINE
  5
5D0
  8
A-WALL
 10
6.427875
 20
2.93645
 30
0.0
 11
6.455975
 21
2.9224
 31
0.0
  0
LINE
  5
5D1
  8
A-WALL
 10
6.28035
 20
2.999675
 30
0.0
 11
6.25225
 21
2.9786
 31
0.0
  0
LINE
  5
5D2
  8
A-WALL
 10
6.25225
 20
2.9786
 30
0.0
 11
6.2382
 21
2.929425
 31
0.0
  0
LINE
  5
5D3
  8
A-WALL
 10
6.2382
 20
2.929425
 30
0.0
 11
6.2663
 21
2.88025
 31
0.0
  0
LINE
  5
5D4
  8
A-WALL
 10
6.2663
 20
2.88025
 30
0.0
 11
6.30845
 21
2.873225
 31
0.0
  0
LINE
  5
5D5
  8
A-WALL
 10
6.30845
 20
2.873225
 30
0.0
 11
6.343575
 21
2.90835
 31
0.0
  0
LINE
  5
5D6
  8
A-WALL
 10
6.343575
 20
2.90835
 30
0.0
 11
6.28035
 21
2.8943
 31
0.0
  0
LINE
  5
5D7
  8
A-WALL
 10
6.28035
 20
2.8943
 30
0.0
 11
6.259275
 21
2.929425
 31
0.0
  0
LINE
  5
5D8
  8
A-WALL
 10
6.259275
 20
2.929425
 30
0.0
 11
6.33655
 21
2.93645
 31
0.0
  0
LINE
  5
5D9
  8
A-WALL
 10
6.33655
 20
2.93645
 30
0.0
 11
6.3506
 21
2.957525
 31
0.0
  0
LINE
  5
5DA
  8
A-WALL
 10
6.3506
 20
2.957525
 30
0.0
 11
6.3225
 21
2.99265
 31
0.0
  0
LINE
  5
5DB
  8
A-WALL
 10
6.3225
 20
2.99265
 30
0.0
 11
6.28035
 21
2.999675
 31
0.0
  0
LINE
  5
5DC
  8
A-WALL
 10
6.2663
 20
2.96455
 30
0.0
 11
6.301425
 21
2.985625
 31
0.0
  0
LINE
  5
5DD
  8
A-WALL
 10
6.301425
 20
2.985625
 30
0.0
 11
6.329525
 21
2.957525
 31
0.0
  0
LINE
  5
5DE
  8
A-WALL
 10
6.329525
 20
2.957525
 30
0.0
 11
6.273325
 21
2.9505
 31
0.0
  0
LINE
  5
5DF
  8
A-WALL
 10
6.273325
 20
2.9505
 30
0.0
 11
6.2663
 21
2.96455
 31
0.0
  0
LINE
  5
5E0
  8
A-WALL
 10
6.22415
 20
2.999675
 30
0.0
 11
6.16795
 21
2.99265
 31
0.0
  0
LINE
  5
5E1
  8
A-WALL
 10
6.16795
 20
2.99265
 30
0.0
 11
6.174975
 21
2.88025
 31
0.0
  0
LINE
  5
5E2
  8
A-WALL
 10
6.174975
 20
2.88025
 30
0.0
 11
6.189025
 21
2.88025
 31
0.0
  0
LINE
  5
5E3
  8
A-WALL
 10
6.189025
 20
2.88025
 30
0.0
 11
6.189025
 21
2.957525
 31
0.0
  0
LINE
  5
5E4
  8
A-WALL
 10
6.189025
 20
2.957525
 30
0.0
 11
6.231175
 21
2.9786
 31
0.0
  0
LINE
  5
5E5
  8
A-WALL
 10
6.231175
 20
2.9786
 30
0.0
 11
6.22415
 21
2.999675
 31
0.0
  0
LINE
  5
5E6
  8
A-FURN
 10
5.8729
 20
2.999675
 30
0.0
 11
5.837775
 21
2.971575
 31
0.0
  0
LINE
  5
5E7
  8
A-FURN
 10
5.837775
 20
2.971575
 30
0.0
 11
5.837775
 21
2.90835
 31
0.0
  0
LINE
  5
5E8
  8
A-FURN
 10
5.837775
 20
2.90835
 30
0.0
 11
5.865875
 21
2.88025
 31
0.0
  0
LINE
  5
5E9
  8
A-FURN
 10
5.865875
 20
2.88025
 30
0.0
 11
5.908025
 21
2.887275
 31
0.0
  0
LINE
  5
5EA
  8
A-FURN
 10
5.908025
 20
2.887275
 30
0.0
 11
5.91505
 21
2.8662
 31
0.0
  0
LINE
  5
5EB
  8
A-FURN
 10
5.91505
 20
2.8662
 30
0.0
 11
5.893975
 21
2.845125
 31
0.0
  0
LINE
  5
5EC
  8
A-FURN
 10
5.893975
 20
2.845125
 30
0.0
 11
5.851825
 21
2.8662
 31
0.0
  0
LINE
  5
5ED
  8
A-FURN
 10
5.851825
 20
2.8662
 30
0.0
 11
5.837775
 21
2.85215
 31
0.0
  0
LINE
  5
5EE
  8
A-FURN
 10
5.837775
 20
2.85215
 30
0.0
 11
5.901
 21
2.831075
 31
0.0
  0
LINE
  5
5EF
  8
A-FURN
 10
5.901
 20
2.831075
 30
0.0
 11
5.936125
 21
2.8662
 31
0.0
  0
LINE
  5
5F0
  8
A-FURN
 10
5.936125
 20
2.8662
 30
0.0
 11
5.936125
 21
2.99265
 31
0.0
  0
LINE
  5
5F1
  8
A-FURN
 10
5.936125
 20
2.99265
 30
0.0
 11
5.8729
 21
2.999675
 31
0.0
  0
LINE
  5
5F2
  8
A-FURN
 10
5.879925
 20
2.985625
 30
0.0
 11
5.91505
 21
2.96455
 31
0.0
  0
LINE
  5
5F3
  8
A-FURN
 10
5.91505
 20
2.96455
 30
0.0
 11
5.901
 21
2.8943
 31
0.0
  0
LINE
  5
5F4
  8
A-FURN
 10
5.901
 20
2.8943
 30
0.0
 11
5.851825
 21
2.915375
 31
0.0
  0
LINE
  5
5F5
  8
A-FURN
 10
5.851825
 20
2.915375
 30
0.0
 11
5.851825
 21
2.957525
 31
0.0
  0
LINE
  5
5F6
  8
A-FURN
 10
5.851825
 20
2.957525
 30
0.0
 11
5.879925
 21
2.985625
 31
0.0
  0
LINE
  5
5F7
  8
A-FURN
 10
5.71835
 20
2.999675
 30
0.0
 11
5.711325
 21
2.887275
 31
0.0
  0
LINE
  5
5F8
  8
A-FURN
 10
5.711325
 20
2.887275
 30
0.0
 11
5.7324
 21
2.88025
 31
0.0
  0
LINE
  5
5F9
  8
A-FURN
 10
5.7324
 20
2.88025
 30
0.0
 11
5.7324
 21
2.957525
 31
0.0
  0
LINE
  5
5FA
  8
A-FURN
 10
5.7324
 20
2.957525
 30
0.0
 11
5.767525
 21
2.985625
 31
0.0
  0
LINE
  5
5FB
  8
A-FURN
 10
5.767525
 20
2.985625
 30
0.0
 11
5.7886
 21
2.96455
 31
0.0
  0
LINE
  5
5FC
  8
A-FURN
 10
5.7886
 20
2.96455
 30
0.0
 11
5.7886
 21
2.88025
 31
0.0
  0
LINE
  5
5FD
  8
A-FURN
 10
5.7886
 20
2.88025
 30
0.0
 11
5.80265
 21
2.88025
 31
0.0
  0
LINE
  5
5FE
  8
A-FURN
 10
5.80265
 20
2.88025
 30
0.0
 11
5.80265
 21
2.985625
 31
0.0
  0
LINE
  5
5FF
  8
A-FURN
 10
5.80265
 20
2.985625
 30
0.0
 11
5.71835
 21
2.999675
 31
0.0
  0
LINE
  5
600
  8
A-FURN
 10
5.542725
 20
2.999675
 30
0.0
 11
5.5638
 21
2.915375
 31
0.0
  0
LINE
  5
601
  8
A-FURN
 10
5.5638
 20
2.915375
 30
0.0
 11
5.598925
 21
2.88025
 31
0.0
  0
LINE
  5
602
  8
A-FURN
 10
5.598925
 20
2.88025
 30
0.0
 11
5.641075
 21
2.99265
 31
0.0
  0
LINE
  5
603
  8
A-FURN
 10
5.641075
 20
2.99265
 30
0.0
 11
5.62
 21
2.99265
 31
0.0
  0
LINE
  5
604
  8
A-FURN
 10
5.62
 20
2.99265
 30
0.0
 11
5.5919
 21
2.90835
 31
0.0
  0
LINE
  5
605
  8
A-FURN
 10
5.5919
 20
2.90835
 30
0.0
 11
5.542725
 21
2.999675
 31
0.0
  0
LINE
  5
606
  8
A-WALL
 10
6.0696
 20
3.041825
 30
0.0
 11
6.006375
 21
2.88025
 31
0.0
  0
LINE
  5
607
  8
A-WALL
 10
6.006375
 20
2.88025
 30
0.0
 11
6.034475
 21
2.887275
 31
0.0
  0
LINE
  5
608
  8
A-WALL
 10
6.034475
 20
2.887275
 30
0.0
 11
6.048525
 21
2.929425
 31
0.0
  0
LINE
  5
609
  8
A-WALL
 10
6.048525
 20
2.929425
 30
0.0
 11
6.104725
 21
2.929425
 31
0.0
  0
LINE
  5
60A
  8
A-WALL
 10
6.104725
 20
2.929425
 30
0.0
 11
6.146875
 21
2.88025
 31
0.0
  0
LINE
  5
60B
  8
A-WALL
 10
6.146875
 20
2.88025
 30
0.0
 11
6.0977
 21
3.027775
 31
0.0
  0
LINE
  5
60C
  8
A-WALL
 10
6.0977
 20
3.027775
 30
0.0
 11
6.0696
 21
3.041825
 31
0.0
  0
LINE
  5
60D
  8
A-WALL
 10
6.076625
 20
3.013725
 30
0.0
 11
6.104725
 21
2.96455
 31
0.0
  0
LINE
  5
60E
  8
A-WALL
 10
6.104725
 20
2.96455
 30
0.0
 11
6.0977
 21
2.943475
 31
0.0
  0
LINE
  5
60F
  8
A-WALL
 10
6.0977
 20
2.943475
 30
0.0
 11
6.048525
 21
2.957525
 31
0.0
  0
LINE
  5
610
  8
A-WALL
 10
6.048525
 20
2.957525
 30
0.0
 11
6.076625
 21
3.013725
 31
0.0
  0
LINE
  5
611
  8
A-FURN
 10
5.374125
 20
3.041825
 30
0.0
 11
5.374125
 21
2.887275
 31
0.0
  0
LINE
  5
612
  8
A-FURN
 10
5.374125
 20
2.887275
 30
0.0
 11
5.472475
 21
2.88025
 31
0.0
  0
LINE
  5
613
  8
A-FURN
 10
5.472475
 20
2.88025
 30
0.0
 11
5.46545
 21
2.901325
 31
0.0
  0
LINE
  5
614
  8
A-FURN
 10
5.46545
 20
2.901325
 30
0.0
 11
5.3952
 21
2.90835
 31
0.0
  0
LINE
  5
615
  8
A-FURN
 10
5.3952
 20
2.90835
 30
0.0
 11
5.3952
 21
3.041825
 31
0.0
  0
LINE
  5
616
  8
A-FURN
 10
5.3952
 20
3.041825
 30
0.0
 11
5.374125
 21
3.041825
 31
0.0
  0
LINE
  5
617
  8
A-FURN
 10
5.5076
 20
3.04885
 30
0.0
 11
5.49355
 21
3.027775
 31
0.0
  0
LINE
  5
618
  8
A-FURN
 10
5.49355
 20
3.027775
 30
0.0
 11
5.52165
 21
3.02075
 31
0.0
  0
LINE
  5
619
  8
A-FURN
 10
5.52165
 20
3.02075
 30
0.0
 11
5.5076
 21
3.04885
 31
0.0
  0
LINE
  5
61A
  8
A-FURN
 10
4.011275
 20
3.210425
 30
0.0
 11
4.011275
 21
2.5571
 31
0.0
  0
LINE
  5
61B
  8
A-FURN
 10
4.011275
 20
2.5571
 30
0.0
 11
5.149325
 21
2.550075
 31
0.0
  0
LINE
  5
61C
  8
A-FURN
 10
5.149325
 20
2.550075
 30
0.0
 11
5.163375
 21
2.564125
 31
0.0
  0
LINE
  5
61D
  8
A-FURN
 10
5.163375
 20
2.564125
 30
0.0
 11
5.15635
 21
3.21745
 31
0.0
  0
LINE
  5
61E
  8
A-FURN
 10
5.15635
 20
3.21745
 30
0.0
 11
4.011275
 21
3.210425
 31
0.0
  0
LINE
  5
61F
  8
A-FURN
 10
4.025325
 20
3.196375
 30
0.0
 11
5.135275
 21
3.2034
 31
0.0
  0
LINE
  5
620
  8
A-FURN
 10
5.135275
 20
3.2034
 30
0.0
 11
5.1423
 21
2.57115
 31
0.0
  0
LINE
  5
621
  8
A-FURN
 10
5.1423
 20
2.57115
 30
0.0
 11
4.039375
 21
2.564125
 31
0.0
  0
LINE
  5
622
  8
A-FURN
 10
4.039375
 20
2.564125
 30
0.0
 11
4.025325
 21
2.578175
 31
0.0
  0
LINE
  5
623
  8
A-FURN
 10
4.025325
 20
2.578175
 30
0.0
 11
4.025325
 21
3.196375
 31
0.0
  0
LINE
  5
624
  8
A-WALL
 10
3.140175
 20
3.266625
 30
0.0
 11
2.578175
 21
3.013725
 31
0.0
  0
LINE
  5
625
  8
A-WALL
 10
2.578175
 20
3.013725
 30
0.0
 11
2.536025
 21
2.9786
 31
0.0
  0
LINE
  5
626
  8
A-WALL
 10
2.536025
 20
2.9786
 30
0.0
 11
2.5009
 21
2.90835
 31
0.0
  0
LINE
  5
627
  8
A-WALL
 10
2.5009
 20
2.90835
 30
0.0
 11
2.507925
 21
2.817025
 31
0.0
  0
LINE
  5
628
  8
A-WALL
 10
2.507925
 20
2.817025
 30
0.0
 11
2.774875
 21
2.248
 31
0.0
  0
LINE
  5
629
  8
A-WALL
 10
2.774875
 20
2.248
 30
0.0
 11
2.8381
 21
2.1918
 31
0.0
  0
LINE
  5
62A
  8
A-WALL
 10
2.8381
 20
2.1918
 30
0.0
 11
2.8943
 21
2.170725
 31
0.0
  0
LINE
  5
62B
  8
A-WALL
 10
2.8943
 20
2.170725
 30
0.0
 11
3.0067
 21
2.198825
 31
0.0
  0
LINE
  5
62C
  8
A-WALL
 10
3.0067
 20
2.198825
 30
0.0
 11
3.519525
 21
2.4447
 31
0.0
  0
LINE
  5
62D
  8
A-WALL
 10
3.519525
 20
2.4447
 30
0.0
 11
3.477375
 21
2.529
 31
0.0
  0
LINE
  5
62E
  8
A-WALL
 10
3.477375
 20
2.529
 30
0.0
 11
3.5125
 21
2.5852
 31
0.0
  0
LINE
  5
62F
  8
A-WALL
 10
3.5125
 20
2.5852
 30
0.0
 11
3.238525
 21
3.168275
 31
0.0
  0
LINE
  5
630
  8
A-WALL
 10
3.238525
 20
3.168275
 30
0.0
 11
3.18935
 21
3.1753
 31
0.0
  0
LINE
  5
631
  8
A-WALL
 10
3.18935
 20
3.1753
 30
0.0
 11
3.140175
 21
3.266625
 31
0.0
  0
LINE
  5
632
  8
A-FURN
 10
3.21745
 20
3.16125
 30
0.0
 11
3.491425
 21
2.57115
 31
0.0
  0
LINE
  5
633
  8
A-FURN
 10
3.491425
 20
2.57115
 30
0.0
 11
2.96455
 21
2.3323
 31
0.0
  0
LINE
  5
634
  8
A-FURN
 10
2.96455
 20
2.3323
 30
0.0
 11
2.690575
 21
2.915375
 31
0.0
  0
LINE
  5
635
  8
A-FURN
 10
2.690575
 20
2.915375
 30
0.0
 11
3.21745
 21
3.16125
 31
0.0
  0
LINE
  5
636
  8
A-WALL
 10
3.126125
 20
3.252575
 30
0.0
 11
3.168275
 21
3.1753
 31
0.0
  0
LINE
  5
637
  8
A-WALL
 10
3.168275
 20
3.1753
 30
0.0
 11
3.16125
 21
3.154225
 31
0.0
  0
LINE
  5
638
  8
A-WALL
 10
3.16125
 20
3.154225
 30
0.0
 11
2.71165
 21
2.9505
 31
0.0
  0
LINE
  5
639
  8
A-WALL
 10
2.71165
 20
2.9505
 30
0.0
 11
2.6695
 21
2.915375
 31
0.0
  0
LINE
  5
63A
  8
A-WALL
 10
2.6695
 20
2.915375
 30
0.0
 11
2.957525
 21
2.311225
 31
0.0
  0
LINE
  5
63B
  8
A-WALL
 10
2.957525
 20
2.311225
 30
0.0
 11
3.4563
 21
2.54305
 31
0.0
  0
LINE
  5
63C
  8
A-WALL
 10
3.4563
 20
2.54305
 30
0.0
 11
3.49845
 21
2.451725
 31
0.0
  0
LINE
  5
63D
  8
A-WALL
 10
3.49845
 20
2.451725
 30
0.0
 11
2.985625
 21
2.20585
 31
0.0
  0
LINE
  5
63E
  8
A-WALL
 10
2.985625
 20
2.20585
 30
0.0
 11
2.873225
 21
2.1918
 31
0.0
  0
LINE
  5
63F
  8
A-WALL
 10
2.873225
 20
2.1918
 30
0.0
 11
2.82405
 21
2.2199
 31
0.0
  0
LINE
  5
640
  8
A-WALL
 10
2.82405
 20
2.2199
 30
0.0
 11
2.760825
 21
2.3042
 31
0.0
  0
LINE
  5
641
  8
A-WALL
 10
2.760825
 20
2.3042
 30
0.0
 11
2.536025
 21
2.788925
 31
0.0
  0
LINE
  5
642
  8
A-WALL
 10
2.536025
 20
2.788925
 30
0.0
 11
2.521975
 21
2.915375
 31
0.0
  0
LINE
  5
643
  8
A-WALL
 10
2.521975
 20
2.915375
 30
0.0
 11
2.5852
 21
2.999675
 31
0.0
  0
LINE
  5
644
  8
A-WALL
 10
2.5852
 20
2.999675
 30
0.0
 11
3.126125
 21
3.252575
 31
0.0
  0
LINE
  5
645
  8
A-WALL
 10
4.65055
 20
4.236075
 30
0.0
 11
4.65055
 21
3.49845
 31
0.0
  0
LINE
  5
646
  8
A-WALL
 10
4.65055
 20
3.49845
 30
0.0
 11
5.514625
 21
3.491425
 31
0.0
  0
LINE
  5
647
  8
A-WALL
 10
5.514625
 20
3.491425
 30
0.0
 11
5.528675
 21
3.505475
 31
0.0
  0
LINE
  5
648
  8
A-WALL
 10
5.528675
 20
3.505475
 30
0.0
 11
5.528675
 21
4.22905
 31
0.0
  0
LINE
  5
649
  8
A-WALL
 10
5.528675
 20
4.22905
 30
0.0
 11
5.514625
 21
4.2431
 31
0.0
  0
LINE
  5
64A
  8
A-WALL
 10
5.514625
 20
4.2431
 30
0.0
 11
4.65055
 21
4.236075
 31
0.0
  0
LINE
  5
64B
  8
A-WALL
 10
4.6646
 20
4.215
 30
0.0
 11
4.67865
 21
4.22905
 31
0.0
  0
LINE
  5
64C
  8
A-WALL
 10
4.67865
 20
4.22905
 30
0.0
 11
5.5076
 21
4.222025
 31
0.0
  0
LINE
  5
64D
  8
A-WALL
 10
5.5076
 20
4.222025
 30
0.0
 11
5.52165
 21
4.207975
 31
0.0
  0
LINE
  5
64E
  8
A-WALL
 10
5.52165
 20
4.207975
 30
0.0
 11
5.52165
 21
3.52655
 31
0.0
  0
LINE
  5
64F
  8
A-WALL
 10
5.52165
 20
3.52655
 30
0.0
 11
5.5076
 21
3.5125
 31
0.0
  0
LINE
  5
650
  8
A-WALL
 10
5.5076
 20
3.5125
 30
0.0
 11
4.671625
 21
3.5125
 31
0.0
  0
LINE
  5
651
  8
A-WALL
 10
4.671625
 20
3.5125
 30
0.0
 11
4.6646
 21
4.215
 31
0.0
  0
LINE
  5
652
  8
A-WALL
 10
3.716225
 20
4.22905
 30
0.0
 11
3.716225
 21
3.505475
 31
0.0
  0
LINE
  5
653
  8
A-WALL
 10
3.716225
 20
3.505475
 30
0.0
 11
3.730275
 21
3.491425
 31
0.0
  0
LINE
  5
654
  8
A-WALL
 10
3.730275
 20
3.491425
 30
0.0
 11
4.59435
 21
3.49845
 31
0.0
  0
LINE
  5
655
  8
A-WALL
 10
4.59435
 20
3.49845
 30
0.0
 11
4.587325
 21
4.2431
 31
0.0
  0
LINE
  5
656
  8
A-WALL
 10
4.587325
 20
4.2431
 30
0.0
 11
3.730275
 21
4.2431
 31
0.0
  0
LINE
  5
657
  8
A-WALL
 10
3.730275
 20
4.2431
 30
0.0
 11
3.716225
 21
4.22905
 31
0.0
  0
LINE
  5
658
  8
A-WALL
 10
3.730275
 20
4.215
 30
0.0
 11
3.744325
 21
4.22905
 31
0.0
  0
LINE
  5
659
  8
A-WALL
 10
3.744325
 20
4.22905
 30
0.0
 11
4.573275
 21
4.222025
 31
0.0
  0
LINE
  5
65A
  8
A-WALL
 10
4.573275
 20
4.222025
 30
0.0
 11
4.587325
 21
3.52655
 31
0.0
  0
LINE
  5
65B
  8
A-WALL
 10
4.587325
 20
3.52655
 30
0.0
 11
4.573275
 21
3.5125
 31
0.0
  0
LINE
  5
65C
  8
A-WALL
 10
4.573275
 20
3.5125
 30
0.0
 11
3.7373
 21
3.5125
 31
0.0
  0
LINE
  5
65D
  8
A-WALL
 10
3.7373
 20
3.5125
 30
0.0
 11
3.730275
 21
4.215
 31
0.0
  0
LINE
  5
65E
  8
A-WALL
 10
9.069275
 20
4.432775
 30
0.0
 11
9.055225
 21
4.376575
 31
0.0
  0
LINE
  5
65F
  8
A-WALL
 10
9.055225
 20
4.376575
 30
0.0
 11
9.083325
 21
4.390625
 31
0.0
  0
LINE
  5
660
  8
A-WALL
 10
9.083325
 20
4.390625
 30
0.0
 11
9.069275
 21
4.432775
 31
0.0
  0
LINE
  5
661
  8
A-WALL
 10
9.3011
 20
4.517075
 30
0.0
 11
9.308125
 21
4.404675
 31
0.0
  0
LINE
  5
662
  8
A-WALL
 10
9.308125
 20
4.404675
 30
0.0
 11
9.3292
 21
4.4117
 31
0.0
  0
LINE
  5
663
  8
A-WALL
 10
9.3292
 20
4.4117
 30
0.0
 11
9.322175
 21
4.488975
 31
0.0
  0
LINE
  5
664
  8
A-WALL
 10
9.322175
 20
4.488975
 30
0.0
 11
9.350275
 21
4.51005
 31
0.0
  0
LINE
  5
665
  8
A-WALL
 10
9.350275
 20
4.51005
 30
0.0
 11
9.378375
 21
4.488975
 31
0.0
  0
LINE
  5
666
  8
A-WALL
 10
9.378375
 20
4.488975
 30
0.0
 11
9.378375
 21
4.404675
 31
0.0
  0
LINE
  5
667
  8
A-WALL
 10
9.378375
 20
4.404675
 30
0.0
 11
9.39945
 21
4.4117
 31
0.0
  0
LINE
  5
668
  8
A-WALL
 10
9.39945
 20
4.4117
 30
0.0
 11
9.392425
 21
4.48195
 31
0.0
  0
LINE
  5
669
  8
A-WALL
 10
9.392425
 20
4.48195
 30
0.0
 11
9.420525
 21
4.51005
 31
0.0
  0
LINE
  5
66A
  8
A-WALL
 10
9.420525
 20
4.51005
 30
0.0
 11
9.448625
 21
4.488975
 31
0.0
  0
LINE
  5
66B
  8
A-WALL
 10
9.448625
 20
4.488975
 30
0.0
 11
9.448625
 21
4.404675
 31
0.0
  0
LINE
  5
66C
  8
A-WALL
 10
9.448625
 20
4.404675
 30
0.0
 11
9.4697
 21
4.4117
 31
0.0
  0
LINE
  5
66D
  8
A-WALL
 10
9.4697
 20
4.4117
 30
0.0
 11
9.45565
 21
4.517075
 31
0.0
  0
LINE
  5
66E
  8
A-WALL
 10
9.45565
 20
4.517075
 30
0.0
 11
9.3011
 21
4.517075
 31
0.0
  0
LINE
  5
66F
  8
A-WALL
 10
9.139525
 20
4.56625
 30
0.0
 11
9.111425
 21
4.53815
 31
0.0
  0
LINE
  5
670
  8
A-WALL
 10
9.111425
 20
4.53815
 30
0.0
 11
9.11845
 21
4.517075
 31
0.0
  0
LINE
  5
671
  8
A-WALL
 10
9.11845
 20
4.517075
 30
0.0
 11
9.153575
 21
4.5522
 31
0.0
  0
LINE
  5
672
  8
A-WALL
 10
9.153575
 20
4.5522
 30
0.0
 11
9.17465
 21
4.5522
 31
0.0
  0
LINE
  5
673
  8
A-WALL
 10
9.17465
 20
4.5522
 30
0.0
 11
9.195725
 21
4.517075
 31
0.0
  0
LINE
  5
674
  8
A-WALL
 10
9.195725
 20
4.517075
 30
0.0
 11
9.111425
 21
4.404675
 31
0.0
  0
LINE
  5
675
  8
A-WALL
 10
9.111425
 20
4.404675
 30
0.0
 11
9.209775
 21
4.404675
 31
0.0
  0
LINE
  5
676
  8
A-WALL
 10
9.209775
 20
4.404675
 30
0.0
 11
9.209775
 21
4.42575
 31
0.0
  0
LINE
  5
677
  8
A-WALL
 10
9.209775
 20
4.42575
 30
0.0
 11
9.14655
 21
4.418725
 31
0.0
  0
LINE
  5
678
  8
A-WALL
 10
9.14655
 20
4.418725
 30
0.0
 11
9.139525
 21
4.432775
 31
0.0
  0
LINE
  5
679
  8
A-WALL
 10
9.139525
 20
4.432775
 30
0.0
 11
9.20275
 21
4.488975
 31
0.0
  0
LINE
  5
67A
  8
A-WALL
 10
9.20275
 20
4.488975
 30
0.0
 11
9.2168
 21
4.53815
 31
0.0
  0
LINE
  5
67B
  8
A-WALL
 10
9.2168
 20
4.53815
 30
0.0
 11
9.1887
 21
4.56625
 31
0.0
  0
LINE
  5
67C
  8
A-WALL
 10
9.1887
 20
4.56625
 30
0.0
 11
9.139525
 21
4.56625
 31
0.0
  0
LINE
  5
67D
  8
A-WALL
 10
8.999025
 20
4.56625
 30
0.0
 11
8.94985
 21
4.56625
 31
0.0
  0
LINE
  5
67E
  8
A-WALL
 10
8.94985
 20
4.56625
 30
0.0
 11
8.92175
 21
4.531125
 31
0.0
  0
LINE
  5
67F
  8
A-WALL
 10
8.92175
 20
4.531125
 30
0.0
 11
8.92175
 21
4.432775
 31
0.0
  0
LINE
  5
680
  8
A-WALL
 10
8.92175
 20
4.432775
 30
0.0
 11
8.970925
 21
4.39765
 31
0.0
  0
LINE
  5
681
  8
A-WALL
 10
8.970925
 20
4.39765
 30
0.0
 11
9.013075
 21
4.418725
 31
0.0
  0
LINE
  5
682
  8
A-WALL
 10
9.013075
 20
4.418725
 30
0.0
 11
9.027125
 21
4.474925
 31
0.0
  0
LINE
  5
683
  8
A-WALL
 10
9.027125
 20
4.474925
 30
0.0
 11
8.992
 21
4.51005
 31
0.0
  0
LINE
  5
684
  8
A-WALL
 10
8.992
 20
4.51005
 30
0.0
 11
8.942825
 21
4.496
 31
0.0
  0
LINE
  5
685
  8
A-WALL
 10
8.942825
 20
4.496
 30
0.0
 11
8.9358
 21
4.517075
 31
0.0
  0
LINE
  5
686
  8
A-WALL
 10
8.9358
 20
4.517075
 30
0.0
 11
8.97795
 21
4.559225
 31
0.0
  0
LINE
  5
687
  8
A-WALL
 10
8.97795
 20
4.559225
 30
0.0
 11
9.013075
 21
4.5241
 31
0.0
  0
LINE
  5
688
  8
A-WALL
 10
9.013075
 20
4.5241
 30
0.0
 11
9.0201
 21
4.545175
 31
0.0
  0
LINE
  5
689
  8
A-WALL
 10
9.0201
 20
4.545175
 30
0.0
 11
8.999025
 21
4.56625
 31
0.0
  0
LINE
  5
68A
  8
A-WALL
 10
8.94985
 20
4.488975
 30
0.0
 11
8.97795
 21
4.496
 31
0.0
  0
LINE
  5
68B
  8
A-WALL
 10
8.97795
 20
4.496
 30
0.0
 11
9.00605
 21
4.474925
 31
0.0
  0
LINE
  5
68C
  8
A-WALL
 10
9.00605
 20
4.474925
 30
0.0
 11
8.984975
 21
4.418725
 31
0.0
  0
LINE
  5
68D
  8
A-WALL
 10
8.984975
 20
4.418725
 30
0.0
 11
8.942825
 21
4.4398
 31
0.0
  0
LINE
  5
68E
  8
A-WALL
 10
8.942825
 20
4.4398
 30
0.0
 11
8.94985
 21
4.488975
 31
0.0
  0
LINE
  5
68F
  8
A-WALL
 10
9.51185
 20
4.573275
 30
0.0
 11
9.490775
 21
4.545175
 31
0.0
  0
LINE
  5
690
  8
A-WALL
 10
9.490775
 20
4.545175
 30
0.0
 11
9.5259
 21
4.559225
 31
0.0
  0
LINE
  5
691
  8
A-WALL
 10
9.5259
 20
4.559225
 30
0.0
 11
9.532925
 21
4.53815
 31
0.0
  0
LINE
  5
692
  8
A-WALL
 10
9.532925
 20
4.53815
 30
0.0
 11
9.490775
 21
4.488975
 31
0.0
  0
LINE
  5
693
  8
A-WALL
 10
9.490775
 20
4.488975
 30
0.0
 11
9.546975
 21
4.48195
 31
0.0
  0
LINE
  5
694
  8
A-WALL
 10
9.546975
 20
4.48195
 30
0.0
 11
9.554
 21
4.496
 31
0.0
  0
LINE
  5
695
  8
A-WALL
 10
9.554
 20
4.496
 30
0.0
 11
9.518875
 21
4.51005
 31
0.0
  0
LINE
  5
696
  8
A-WALL
 10
9.518875
 20
4.51005
 30
0.0
 11
9.554
 21
4.559225
 31
0.0
  0
LINE
  5
697
  8
A-WALL
 10
9.554
 20
4.559225
 30
0.0
 11
9.51185
 21
4.573275
 31
0.0
  0
LINE
  5
698
  8
A-WALL
 10
9.532925
 20
4.777
 30
0.0
 11
9.518875
 21
4.7489
 31
0.0
  0
LINE
  5
699
  8
A-WALL
 10
9.518875
 20
4.7489
 30
0.0
 11
9.5821
 21
4.769975
 31
0.0
  0
LINE
  5
69A
  8
A-WALL
 10
9.5821
 20
4.769975
 30
0.0
 11
9.59615
 21
4.741875
 31
0.0
  0
LINE
  5
69B
  8
A-WALL
 10
9.59615
 20
4.741875
 30
0.0
 11
9.5259
 21
4.7208
 31
0.0
  0
LINE
  5
69C
  8
A-WALL
 10
9.5259
 20
4.7208
 30
0.0
 11
9.518875
 21
4.67865
 31
0.0
  0
LINE
  5
69D
  8
A-WALL
 10
9.518875
 20
4.67865
 30
0.0
 11
9.554
 21
4.657575
 31
0.0
  0
LINE
  5
69E
  8
A-WALL
 10
9.554
 20
4.657575
 30
0.0
 11
9.617225
 21
4.6646
 31
0.0
  0
LINE
  5
69F
  8
A-WALL
 10
9.617225
 20
4.6646
 30
0.0
 11
9.6102
 21
4.769975
 31
0.0
  0
LINE
  5
6A0
  8
A-WALL
 10
9.6102
 20
4.769975
 30
0.0
 11
9.532925
 21
4.777
 31
0.0
  0
LINE
  5
6A1
  8
A-WALL
 10
9.603175
 20
4.713775
 30
0.0
 11
9.575075
 21
4.67865
 31
0.0
  0
LINE
  5
6A2
  8
A-WALL
 10
9.575075
 20
4.67865
 30
0.0
 11
9.532925
 21
4.6927
 31
0.0
  0
LINE
  5
6A3
  8
A-WALL
 10
9.532925
 20
4.6927
 30
0.0
 11
9.5821
 21
4.727825
 31
0.0
  0
LINE
  5
6A4
  8
A-WALL
 10
9.5821
 20
4.727825
 30
0.0
 11
9.603175
 21
4.713775
 31
0.0
  0
LINE
  5
6A5
  8
A-WALL
 10
9.1044
 20
4.777
 30
0.0
 11
9.1044
 21
4.6646
 31
0.0
  0
LINE
  5
6A6
  8
A-WALL
 10
9.1044
 20
4.6646
 30
0.0
 11
9.125475
 21
4.671625
 31
0.0
  0
LINE
  5
6A7
  8
A-WALL
 10
9.125475
 20
4.671625
 30
0.0
 11
9.125475
 21
4.755925
 31
0.0
  0
LINE
  5
6A8
  8
A-WALL
 10
9.125475
 20
4.755925
 30
0.0
 11
9.1606
 21
4.769975
 31
0.0
  0
LINE
  5
6A9
  8
A-WALL
 10
9.1606
 20
4.769975
 30
0.0
 11
9.209775
 21
4.67865
 31
0.0
  0
LINE
  5
6AA
  8
A-WALL
 10
9.209775
 20
4.67865
 30
0.0
 11
9.17465
 21
4.62245
 31
0.0
  0
LINE
  5
6AB
  8
A-WALL
 10
9.17465
 20
4.62245
 30
0.0
 11
9.209775
 21
4.62245
 31
0.0
  0
LINE
  5
6AC
  8
A-WALL
 10
9.209775
 20
4.62245
 30
0.0
 11
9.273
 21
4.777
 31
0.0
  0
LINE
  5
6AD
  8
A-WALL
 10
9.273
 20
4.777
 30
0.0
 11
9.251925
 21
4.784025
 31
0.0
  0
LINE
  5
6AE
  8
A-WALL
 10
9.251925
 20
4.784025
 30
0.0
 11
9.223825
 21
4.699725
 31
0.0
  0
LINE
  5
6AF
  8
A-WALL
 10
9.223825
 20
4.699725
 30
0.0
 11
9.181675
 21
4.784025
 31
0.0
  0
LINE
  5
6B0
  8
A-WALL
 10
9.181675
 20
4.784025
 30
0.0
 11
9.1044
 21
4.777
 31
0.0
  0
LINE
  5
6B1
  8
A-WALL
 10
8.914725
 20
4.784025
 30
0.0
 11
8.9077
 21
4.671625
 31
0.0
  0
LINE
  5
6B2
  8
A-WALL
 10
8.9077
 20
4.671625
 30
0.0
 11
8.928775
 21
4.6646
 31
0.0
  0
LINE
  5
6B3
  8
A-WALL
 10
8.928775
 20
4.6646
 30
0.0
 11
8.928775
 21
4.7489
 31
0.0
  0
LINE
  5
6B4
  8
A-WALL
 10
8.928775
 20
4.7489
 30
0.0
 11
8.9639
 21
4.769975
 31
0.0
  0
LINE
  5
6B5
  8
A-WALL
 10
8.9639
 20
4.769975
 30
0.0
 11
8.984975
 21
4.7489
 31
0.0
  0
LINE
  5
6B6
  8
A-WALL
 10
8.984975
 20
4.7489
 30
0.0
 11
8.984975
 21
4.671625
 31
0.0
  0
LINE
  5
6B7
  8
A-WALL
 10
8.984975
 20
4.671625
 30
0.0
 11
8.999025
 21
4.6646
 31
0.0
  0
LINE
  5
6B8
  8
A-WALL
 10
8.999025
 20
4.6646
 30
0.0
 11
8.999025
 21
4.769975
 31
0.0
  0
LINE
  5
6B9
  8
A-WALL
 10
8.999025
 20
4.769975
 30
0.0
 11
8.914725
 21
4.784025
 31
0.0
  0
LINE
  5
6BA
  8
A-WALL
 10
9.6945
 20
4.826175
 30
0.0
 11
9.6945
 21
4.671625
 31
0.0
  0
LINE
  5
6BB
  8
A-WALL
 10
9.6945
 20
4.671625
 30
0.0
 11
9.715575
 21
4.6646
 31
0.0
  0
LINE
  5
6BC
  8
A-WALL
 10
9.715575
 20
4.6646
 30
0.0
 11
9.715575
 21
4.826175
 31
0.0
  0
LINE
  5
6BD
  8
A-WALL
 10
9.715575
 20
4.826175
 30
0.0
 11
9.6945
 21
4.826175
 31
0.0
  0
LINE
  5
6BE
  8
A-WALL
 10
9.055225
 20
4.826175
 30
0.0
 11
9.027125
 21
4.769975
 31
0.0
  0
LINE
  5
6BF
  8
A-WALL
 10
9.027125
 20
4.769975
 30
0.0
 11
9.041175
 21
4.67865
 31
0.0
  0
LINE
  5
6C0
  8
A-WALL
 10
9.041175
 20
4.67865
 30
0.0
 11
9.069275
 21
4.657575
 31
0.0
  0
LINE
  5
6C1
  8
A-WALL
 10
9.069275
 20
4.657575
 30
0.0
 11
9.055225
 21
4.76295
 31
0.0
  0
LINE
  5
6C2
  8
A-WALL
 10
9.055225
 20
4.76295
 30
0.0
 11
9.0763
 21
4.777
 31
0.0
  0
LINE
  5
6C3
  8
A-WALL
 10
9.0763
 20
4.777
 30
0.0
 11
9.055225
 21
4.79105
 31
0.0
  0
LINE
  5
6C4
  8
A-WALL
 10
9.055225
 20
4.79105
 30
0.0
 11
9.055225
 21
4.826175
 31
0.0
  0
LINE
  5
6C5
  8
A-WALL
 10
9.659375
 20
4.8332
 30
0.0
 11
9.645325
 21
4.826175
 31
0.0
  0
LINE
  5
6C6
  8
A-WALL
 10
9.645325
 20
4.826175
 30
0.0
 11
9.645325
 21
4.6646
 31
0.0
  0
LINE
  5
6C7
  8
A-WALL
 10
9.645325
 20
4.6646
 30
0.0
 11
9.6664
 21
4.671625
 31
0.0
  0
LINE
  5
6C8
  8
A-WALL
 10
9.6664
 20
4.671625
 30
0.0
 11
9.659375
 21
4.8332
 31
0.0
  0
LINE
  5
6C9
  8
A-WALL
 10
9.364325
 20
4.8332
 30
0.0
 11
9.3573
 21
4.671625
 31
0.0
  0
LINE
  5
6CA
  8
A-WALL
 10
9.3573
 20
4.671625
 30
0.0
 11
9.3854
 21
4.671625
 31
0.0
  0
LINE
  5
6CB
  8
A-WALL
 10
9.3854
 20
4.671625
 30
0.0
 11
9.3854
 21
4.741875
 31
0.0
  0
LINE
  5
6CC
  8
A-WALL
 10
9.3854
 20
4.741875
 30
0.0
 11
9.45565
 21
4.741875
 31
0.0
  0
LINE
  5
6CD
  8
A-WALL
 10
9.45565
 20
4.741875
 30
0.0
 11
9.462675
 21
4.671625
 31
0.0
  0
LINE
  5
6CE
  8
A-WALL
 10
9.462675
 20
4.671625
 30
0.0
 11
9.48375
 21
4.6646
 31
0.0
  0
LINE
  5
6CF
  8
A-WALL
 10
9.48375
 20
4.6646
 30
0.0
 11
9.490775
 21
4.81915
 31
0.0
  0
LINE
  5
6D0
  8
A-WALL
 10
9.490775
 20
4.81915
 30
0.0
 11
9.462675
 21
4.826175
 31
0.0
  0
LINE
  5
6D1
  8
A-WALL
 10
9.462675
 20
4.826175
 30
0.0
 11
9.45565
 21
4.755925
 31
0.0
  0
LINE
  5
6D2
  8
A-WALL
 10
9.45565
 20
4.755925
 30
0.0
 11
9.392425
 21
4.755925
 31
0.0
  0
LINE
  5
6D3
  8
A-WALL
 10
9.392425
 20
4.755925
 30
0.0
 11
9.3854
 21
4.81915
 31
0.0
  0
LINE
  5
6D4
  8
A-WALL
 10
9.3854
 20
4.81915
 30
0.0
 11
9.364325
 21
4.8332
 31
0.0
  0
LINE
  5
6D5
  8
A-WALL
 10
8.872575
 20
4.8332
 30
0.0
 11
8.760175
 21
4.826175
 31
0.0
  0
LINE
  5
6D6
  8
A-WALL
 10
8.760175
 20
4.826175
 30
0.0
 11
8.7672
 21
4.6646
 31
0.0
  0
LINE
  5
6D7
  8
A-WALL
 10
8.7672
 20
4.6646
 30
0.0
 11
8.8796
 21
4.6646
 31
0.0
  0
LINE
  5
6D8
  8
A-WALL
 10
8.8796
 20
4.6646
 30
0.0
 11
8.872575
 21
4.685675
 31
0.0
  0
LINE
  5
6D9
  8
A-WALL
 10
8.872575
 20
4.685675
 30
0.0
 11
8.774225
 21
4.699725
 31
0.0
  0
LINE
  5
6DA
  8
A-WALL
 10
8.774225
 20
4.699725
 30
0.0
 11
8.788275
 21
4.741875
 31
0.0
  0
LINE
  5
6DB
  8
A-WALL
 10
8.788275
 20
4.741875
 30
0.0
 11
8.872575
 21
4.741875
 31
0.0
  0
LINE
  5
6DC
  8
A-WALL
 10
8.872575
 20
4.741875
 30
0.0
 11
8.86555
 21
4.76295
 31
0.0
  0
LINE
  5
6DD
  8
A-WALL
 10
8.86555
 20
4.76295
 30
0.0
 11
8.788275
 21
4.755925
 31
0.0
  0
LINE
  5
6DE
  8
A-WALL
 10
8.788275
 20
4.755925
 30
0.0
 11
8.774225
 21
4.798075
 31
0.0
  0
LINE
  5
6DF
  8
A-WALL
 10
8.774225
 20
4.798075
 30
0.0
 11
8.788275
 21
4.812125
 31
0.0
  0
LINE
  5
6E0
  8
A-WALL
 10
8.788275
 20
4.812125
 30
0.0
 11
8.872575
 21
4.8051
 31
0.0
  0
LINE
  5
6E1
  8
A-WALL
 10
8.872575
 20
4.8051
 30
0.0
 11
8.872575
 21
4.8332
 31
0.0
  0
LINE
  5
6E2
  8
A-FURN
 10
5.1985
 20
5.936125
 30
0.0
 11
5.191475
 21
5.879925
 31
0.0
  0
LINE
  5
6E3
  8
A-FURN
 10
5.191475
 20
5.879925
 30
0.0
 11
5.21255
 21
5.879925
 31
0.0
  0
LINE
  5
6E4
  8
A-FURN
 10
5.21255
 20
5.879925
 30
0.0
 11
5.219575
 21
5.9291
 31
0.0
  0
LINE
  5
6E5
  8
A-FURN
 10
5.219575
 20
5.9291
 30
0.0
 11
5.1985
 21
5.936125
 31
0.0
  0
LINE
  5
6E6
  8
A-FURN
 10
5.444375
 20
6.020425
 30
0.0
 11
5.444375
 21
5.908025
 31
0.0
  0
LINE
  5
6E7
  8
A-FURN
 10
5.444375
 20
5.908025
 30
0.0
 11
5.46545
 21
5.908025
 31
0.0
  0
LINE
  5
6E8
  8
A-FURN
 10
5.46545
 20
5.908025
 30
0.0
 11
5.46545
 21
5.992325
 31
0.0
  0
LINE
  5
6E9
  8
A-FURN
 10
5.46545
 20
5.992325
 30
0.0
 11
5.486525
 21
6.0134
 31
0.0
  0
LINE
  5
6EA
  8
A-FURN
 10
5.486525
 20
6.0134
 30
0.0
 11
5.52165
 21
5.992325
 31
0.0
  0
LINE
  5
6EB
  8
A-FURN
 10
5.52165
 20
5.992325
 30
0.0
 11
5.52165
 21
5.908025
 31
0.0
  0
LINE
  5
6EC
  8
A-FURN
 10
5.52165
 20
5.908025
 30
0.0
 11
5.5357
 21
5.908025
 31
0.0
  0
LINE
  5
6ED
  8
A-FURN
 10
5.5357
 20
5.908025
 30
0.0
 11
5.5357
 21
5.992325
 31
0.0
  0
LINE
  5
6EE
  8
A-FURN
 10
5.5357
 20
5.992325
 30
0.0
 11
5.556775
 21
6.0134
 31
0.0
  0
LINE
  5
6EF
  8
A-FURN
 10
5.556775
 20
6.0134
 30
0.0
 11
5.5919
 21
5.992325
 31
0.0
  0
LINE
  5
6F0
  8
A-FURN
 10
5.5919
 20
5.992325
 30
0.0
 11
5.584875
 21
5.908025
 31
0.0
  0
LINE
  5
6F1
  8
A-FURN
 10
5.584875
 20
5.908025
 30
0.0
 11
5.60595
 21
5.908025
 31
0.0
  0
LINE
  5
6F2
  8
A-FURN
 10
5.60595
 20
5.908025
 30
0.0
 11
5.60595
 21
6.006375
 31
0.0
  0
LINE
  5
6F3
  8
A-FURN
 10
5.60595
 20
6.006375
 30
0.0
 11
5.584875
 21
6.02745
 31
0.0
  0
LINE
  5
6F4
  8
A-FURN
 10
5.584875
 20
6.02745
 30
0.0
 11
5.444375
 21
6.020425
 31
0.0
  0
LINE
  5
6F5
  8
A-FURN
 10
5.275775
 20
6.0696
 30
0.0
 11
5.2547
 21
6.0415
 31
0.0
  0
LINE
  5
6F6
  8
A-FURN
 10
5.2547
 20
6.0415
 30
0.0
 11
5.275775
 21
5.99935
 31
0.0
  0
LINE
  5
6F7
  8
A-FURN
 10
5.275775
 20
5.99935
 30
0.0
 11
5.247675
 21
5.94315
 31
0.0
  0
LINE
  5
6F8
  8
A-FURN
 10
5.247675
 20
5.94315
 30
0.0
 11
5.2828
 21
5.908025
 31
0.0
  0
LINE
  5
6F9
  8
A-FURN
 10
5.2828
 20
5.908025
 30
0.0
 11
5.32495
 21
5.908025
 31
0.0
  0
LINE
  5
6FA
  8
A-FURN
 10
5.32495
 20
5.908025
 30
0.0
 11
5.360075
 21
5.94315
 31
0.0
  0
LINE
  5
6FB
  8
A-FURN
 10
5.360075
 20
5.94315
 30
0.0
 11
5.331975
 21
5.99935
 31
0.0
  0
LINE
  5
6FC
  8
A-FURN
 10
5.331975
 20
5.99935
 30
0.0
 11
5.346025
 21
6.048525
 31
0.0
  0
LINE
  5
6FD
  8
A-FURN
 10
5.346025
 20
6.048525
 30
0.0
 11
5.32495
 21
6.0696
 31
0.0
  0
LINE
  5
6FE
  8
A-FURN
 10
5.32495
 20
6.0696
 30
0.0
 11
5.275775
 21
6.0696
 31
0.0
  0
LINE
  5
6FF
  8
A-FURN
 10
5.2898249999999996
 20
5.992325
 30
0.0
 11
5.339
 21
5.97125
 31
0.0
  0
LINE
  5
700
  8
A-FURN
 10
5.339
 20
5.97125
 30
0.0
 11
5.317925
 21
5.922075
 31
0.0
  0
LINE
  5
701
  8
A-FURN
 10
5.317925
 20
5.922075
 30
0.0
 11
5.26875
 21
5.94315
 31
0.0
  0
LINE
  5
702
  8
A-FURN
 10
5.26875
 20
5.94315
 30
0.0
 11
5.2898249999999996
 21
5.992325
 31
0.0
  0
LINE
  5
703
  8
A-FURN
 10
5.2898249999999996
 20
6.05555
 30
0.0
 11
5.331975
 21
6.034475
 31
0.0
  0
LINE
  5
704
  8
A-FURN
 10
5.331975
 20
6.034475
 30
0.0
 11
5.3109
 21
6.006375
 31
0.0
  0
LINE
  5
705
  8
A-FURN
 10
5.3109
 20
6.006375
 30
0.0
 11
5.275775
 21
6.020425
 31
0.0
  0
LINE
  5
706
  8
A-FURN
 10
5.275775
 20
6.020425
 30
0.0
 11
5.2898249999999996
 21
6.05555
 31
0.0
  0
LINE
  5
707
  8
A-FURN
 10
5.12825
 20
6.0696
 30
0.0
 11
5.050975
 21
5.9572
 31
0.0
  0
LINE
  5
708
  8
A-FURN
 10
5.050975
 20
5.9572
 30
0.0
 11
5.1142
 21
5.950175
 31
0.0
  0
LINE
  5
709
  8
A-FURN
 10
5.1142
 20
5.950175
 30
0.0
 11
5.121225
 21
5.91505
 31
0.0
  0
LINE
  5
70A
  8
A-FURN
 10
5.121225
 20
5.91505
 30
0.0
 11
5.1423
 21
5.908025
 31
0.0
  0
LINE
  5
70B
  8
A-FURN
 10
5.1423
 20
5.908025
 30
0.0
 11
5.163375
 21
5.964225
 31
0.0
  0
LINE
  5
70C
  8
A-FURN
 10
5.163375
 20
5.964225
 30
0.0
 11
5.1423
 21
5.97125
 31
0.0
  0
LINE
  5
70D
  8
A-FURN
 10
5.1423
 20
5.97125
 30
0.0
 11
5.1423
 21
6.0696
 31
0.0
  0
LINE
  5
70E
  8
A-FURN
 10
5.1423
 20
6.0696
 30
0.0
 11
5.12825
 21
6.0696
 31
0.0
  0
LINE
  5
70F
  8
A-FURN
 10
5.121225
 20
6.02745
 30
0.0
 11
5.12825
 21
5.97125
 31
0.0
  0
LINE
  5
710
  8
A-FURN
 10
5.12825
 20
5.97125
 30
0.0
 11
5.0861
 21
5.964225
 31
0.0
  0
LINE
  5
711
  8
A-FURN
 10
5.0861
 20
5.964225
 30
0.0
 11
5.079075
 21
5.9853
 31
0.0
  0
LINE
  5
712
  8
A-FURN
 10
5.079075
 20
5.9853
 30
0.0
 11
5.121225
 21
6.02745
 31
0.0
  0
LINE
  5
713
  8
A-FURN
 10
4.994775
 20
6.0696
 30
0.0
 11
4.9456
 21
6.0134
 31
0.0
  0
LINE
  5
714
  8
A-FURN
 10
4.9456
 20
6.0134
 30
0.0
 11
4.980725
 21
6.034475
 31
0.0
  0
LINE
  5
715
  8
A-FURN
 10
4.980725
 20
6.034475
 30
0.0
 11
4.994775
 21
6.020425
 31
0.0
  0
LINE
  5
716
  8
A-FURN
 10
4.994775
 20
6.020425
 30
0.0
 11
4.98775
 21
5.908025
 31
0.0
  0
LINE
  5
717
  8
A-FURN
 10
4.98775
 20
5.908025
 30
0.0
 11
5.008825
 21
5.908025
 31
0.0
  0
LINE
  5
718
  8
A-FURN
 10
5.008825
 20
5.908025
 30
0.0
 11
5.008825
 21
6.0696
 31
0.0
  0
LINE
  5
719
  8
A-FURN
 10
5.008825
 20
6.0696
 30
0.0
 11
4.994775
 21
6.0696
 31
0.0
  0
LINE
  5
71A
  8
A-FURN
 10
5.63405
 20
6.0696
 30
0.0
 11
5.63405
 21
6.048525
 31
0.0
  0
LINE
  5
71B
  8
A-FURN
 10
5.63405
 20
6.048525
 30
0.0
 11
5.6762
 21
6.05555
 31
0.0
  0
LINE
  5
71C
  8
A-FURN
 10
5.6762
 20
6.05555
 30
0.0
 11
5.63405
 21
5.992325
 31
0.0
  0
LINE
  5
71D
  8
A-FURN
 10
5.63405
 20
5.992325
 30
0.0
 11
5.69025
 21
5.9853
 31
0.0
  0
LINE
  5
71E
  8
A-FURN
 10
5.69025
 20
5.9853
 30
0.0
 11
5.697275
 21
5.99935
 31
0.0
  0
LINE
  5
71F
  8
A-FURN
 10
5.697275
 20
5.99935
 30
0.0
 11
5.66215
 21
6.0134
 31
0.0
  0
LINE
  5
720
  8
A-FURN
 10
5.66215
 20
6.0134
 30
0.0
 11
5.697275
 21
6.05555
 31
0.0
  0
LINE
  5
721
  8
A-FURN
 10
5.697275
 20
6.05555
 30
0.0
 11
5.669175
 21
6.076625
 31
0.0
  0
LINE
  5
722
  8
A-FURN
 10
5.669175
 20
6.076625
 30
0.0
 11
5.63405
 21
6.0696
 31
0.0
  0
LINE
  5
723
  8
A-FURN
 10
5.598925
 20
6.28035
 30
0.0
 11
5.598925
 21
6.16795
 31
0.0
  0
LINE
  5
724
  8
A-FURN
 10
5.598925
 20
6.16795
 30
0.0
 11
5.612975
 21
6.16795
 31
0.0
  0
LINE
  5
725
  8
A-FURN
 10
5.612975
 20
6.16795
 30
0.0
 11
5.62
 21
6.273325
 31
0.0
  0
LINE
  5
726
  8
A-FURN
 10
5.62
 20
6.273325
 30
0.0
 11
5.598925
 21
6.28035
 31
0.0
  0
LINE
  5
727
  8
A-FURN
 10
5.4233
 20
6.28035
 30
0.0
 11
5.4233
 21
6.16795
 31
0.0
  0
LINE
  5
728
  8
A-FURN
 10
5.4233
 20
6.16795
 30
0.0
 11
5.43735
 21
6.16795
 31
0.0
  0
LINE
  5
729
  8
A-FURN
 10
5.43735
 20
6.16795
 30
0.0
 11
5.444375
 21
6.28035
 31
0.0
  0
LINE
  5
72A
  8
A-FURN
 10
5.444375
 20
6.28035
 30
0.0
 11
5.4233
 21
6.28035
 31
0.0
  0
LINE
  5
72B
  8
A-FURN
 10
4.36955
 20
6.28035
 30
0.0
 11
4.36955
 21
6.174975
 31
0.0
  0
LINE
  5
72C
  8
A-FURN
 10
4.36955
 20
6.174975
 30
0.0
 11
4.390625
 21
6.16795
 31
0.0
  0
LINE
  5
72D
  8
A-FURN
 10
4.390625
 20
6.16795
 30
0.0
 11
4.390625
 21
6.28035
 31
0.0
  0
LINE
  5
72E
  8
A-FURN
 10
4.390625
 20
6.28035
 30
0.0
 11
4.36955
 21
6.28035
 31
0.0
  0
LINE
  5
72F
  8
A-FURN
 10
6.3225
 20
6.28035
 30
0.0
 11
6.30845
 21
6.25225
 31
0.0
  0
LINE
  5
730
  8
A-FURN
 10
6.30845
 20
6.25225
 30
0.0
 11
6.36465
 21
6.273325
 31
0.0
  0
LINE
  5
731
  8
A-FURN
 10
6.36465
 20
6.273325
 30
0.0
 11
6.385725
 21
6.245225
 31
0.0
  0
LINE
  5
732
  8
A-FURN
 10
6.385725
 20
6.245225
 30
0.0
 11
6.315475
 21
6.22415
 31
0.0
  0
LINE
  5
733
  8
A-FURN
 10
6.315475
 20
6.22415
 30
0.0
 11
6.30845
 21
6.182
 31
0.0
  0
LINE
  5
734
  8
A-FURN
 10
6.30845
 20
6.182
 30
0.0
 11
6.33655
 21
6.160925
 31
0.0
  0
LINE
  5
735
  8
A-FURN
 10
6.33655
 20
6.160925
 30
0.0
 11
6.4068
 21
6.16795
 31
0.0
  0
LINE
  5
736
  8
A-FURN
 10
6.4068
 20
6.16795
 30
0.0
 11
6.399775
 21
6.273325
 31
0.0
  0
LINE
  5
737
  8
A-FURN
 10
6.399775
 20
6.273325
 30
0.0
 11
6.3225
 21
6.28035
 31
0.0
  0
LINE
  5
738
  8
A-FURN
 10
6.3225
 20
6.19605
 30
0.0
 11
6.33655
 21
6.217125
 31
0.0
  0
LINE
  5
739
  8
A-FURN
 10
6.33655
 20
6.217125
 30
0.0
 11
6.385725
 21
6.217125
 31
0.0
  0
LINE
  5
73A
  8
A-FURN
 10
6.385725
 20
6.217125
 30
0.0
 11
6.36465
 21
6.182
 31
0.0
  0
LINE
  5
73B
  8
A-FURN
 10
6.36465
 20
6.182
 30
0.0
 11
6.3225
 21
6.19605
 31
0.0
  0
LINE
  5
73C
  8
A-FURN
 10
6.25225
 20
6.287375
 30
0.0
 11
6.217125
 21
6.287375
 31
0.0
  0
LINE
  5
73D
  8
A-FURN
 10
6.217125
 20
6.287375
 30
0.0
 11
6.182
 21
6.259275
 31
0.0
  0
LINE
  5
73E
  8
A-FURN
 10
6.182
 20
6.259275
 30
0.0
 11
6.182
 21
6.19605
 31
0.0
  0
LINE
  5
73F
  8
A-FURN
 10
6.182
 20
6.19605
 30
0.0
 11
6.231175
 21
6.160925
 31
0.0
  0
LINE
  5
740
  8
A-FURN
 10
6.231175
 20
6.160925
 30
0.0
 11
6.28035
 21
6.189025
 31
0.0
  0
LINE
  5
741
  8
A-FURN
 10
6.28035
 20
6.189025
 30
0.0
 11
6.2663
 21
6.203075
 31
0.0
  0
LINE
  5
742
  8
A-FURN
 10
6.2663
 20
6.203075
 30
0.0
 11
6.217125
 21
6.182
 31
0.0
  0
LINE
  5
743
  8
A-FURN
 10
6.217125
 20
6.182
 30
0.0
 11
6.19605
 21
6.203075
 31
0.0
  0
LINE
  5
744
  8
A-FURN
 10
6.19605
 20
6.203075
 30
0.0
 11
6.203075
 21
6.22415
 31
0.0
  0
LINE
  5
745
  8
A-FURN
 10
6.203075
 20
6.22415
 30
0.0
 11
6.287375
 21
6.2382
 31
0.0
  0
LINE
  5
746
  8
A-FURN
 10
6.287375
 20
6.2382
 30
0.0
 11
6.25225
 21
6.287375
 31
0.0
  0
LINE
  5
747
  8
A-FURN
 10
6.19605
 20
6.25225
 30
0.0
 11
6.2382
 21
6.273325
 31
0.0
  0
LINE
  5
748
  8
A-FURN
 10
6.2382
 20
6.273325
 30
0.0
 11
6.2663
 21
6.245225
 31
0.0
  0
LINE
  5
749
  8
A-FURN
 10
6.2663
 20
6.245225
 30
0.0
 11
6.203075
 21
6.2382
 31
0.0
  0
LINE
  5
74A
  8
A-FURN
 10
6.203075
 20
6.2382
 30
0.0
 11
6.19605
 21
6.25225
 31
0.0
  0
LINE
  5
74B
  8
A-FURN
 10
6.160925
 20
6.287375
 30
0.0
 11
6.104725
 21
6.28035
 31
0.0
  0
LINE
  5
74C
  8
A-FURN
 10
6.104725
 20
6.28035
 30
0.0
 11
6.11175
 21
6.16795
 31
0.0
  0
LINE
  5
74D
  8
A-FURN
 10
6.11175
 20
6.16795
 30
0.0
 11
6.1258
 21
6.16795
 31
0.0
  0
LINE
  5
74E
  8
A-FURN
 10
6.1258
 20
6.16795
 30
0.0
 11
6.1258
 21
6.245225
 31
0.0
  0
LINE
  5
74F
  8
A-FURN
 10
6.1258
 20
6.245225
 30
0.0
 11
6.16795
 21
6.273325
 31
0.0
  0
LINE
  5
750
  8
A-FURN
 10
6.16795
 20
6.273325
 30
0.0
 11
6.160925
 21
6.287375
 31
0.0
  0
LINE
  5
751
  8
A-FURN
 10
5.80265
 20
6.287375
 30
0.0
 11
5.77455
 21
6.2663
 31
0.0
  0
LINE
  5
752
  8
A-FURN
 10
5.77455
 20
6.2663
 30
0.0
 11
5.767525
 21
6.2101
 31
0.0
  0
LINE
  5
753
  8
A-FURN
 10
5.767525
 20
6.2101
 30
0.0
 11
5.809675
 21
6.16795
 31
0.0
  0
LINE
  5
754
  8
A-FURN
 10
5.809675
 20
6.16795
 30
0.0
 11
5.8448
 21
6.182
 31
0.0
  0
LINE
  5
755
  8
A-FURN
 10
5.8448
 20
6.182
 30
0.0
 11
5.85885
 21
6.16795
 31
0.0
  0
LINE
  5
756
  8
A-FURN
 10
5.85885
 20
6.16795
 30
0.0
 11
5.837775
 21
6.13985
 31
0.0
  0
LINE
  5
757
  8
A-FURN
 10
5.837775
 20
6.13985
 30
0.0
 11
5.7886
 21
6.1539
 31
0.0
  0
LINE
  5
758
  8
A-FURN
 10
5.7886
 20
6.1539
 30
0.0
 11
5.77455
 21
6.13985
 31
0.0
  0
LINE
  5
759
  8
A-FURN
 10
5.77455
 20
6.13985
 30
0.0
 11
5.837775
 21
6.118775
 31
0.0
  0
LINE
  5
75A
  8
A-FURN
 10
5.837775
 20
6.118775
 30
0.0
 11
5.8729
 21
6.160925
 31
0.0
  0
LINE
  5
75B
  8
A-FURN
 10
5.8729
 20
6.160925
 30
0.0
 11
5.8729
 21
6.28035
 31
0.0
  0
LINE
  5
75C
  8
A-FURN
 10
5.8729
 20
6.28035
 30
0.0
 11
5.80265
 21
6.287375
 31
0.0
  0
LINE
  5
75D
  8
A-FURN
 10
5.809675
 20
6.273325
 30
0.0
 11
5.851825
 21
6.245225
 31
0.0
  0
LINE
  5
75E
  8
A-FURN
 10
5.851825
 20
6.245225
 30
0.0
 11
5.851825
 21
6.203075
 31
0.0
  0
LINE
  5
75F
  8
A-FURN
 10
5.851825
 20
6.203075
 30
0.0
 11
5.83075
 21
6.182
 31
0.0
  0
LINE
  5
760
  8
A-FURN
 10
5.83075
 20
6.182
 30
0.0
 11
5.781575
 21
6.217125
 31
0.0
  0
LINE
  5
761
  8
A-FURN
 10
5.781575
 20
6.217125
 30
0.0
 11
5.809675
 21
6.273325
 31
0.0
  0
LINE
  5
762
  8
A-FURN
 10
5.6481
 20
6.28035
 30
0.0
 11
5.6481
 21
6.16795
 31
0.0
  0
LINE
  5
763
  8
A-FURN
 10
5.6481
 20
6.16795
 30
0.0
 11
5.669175
 21
6.16795
 31
0.0
  0
LINE
  5
764
  8
A-FURN
 10
5.669175
 20
6.16795
 30
0.0
 11
5.669175
 21
6.25225
 31
0.0
  0
LINE
  5
765
  8
A-FURN
 10
5.669175
 20
6.25225
 30
0.0
 11
5.69025
 21
6.273325
 31
0.0
  0
LINE
  5
766
  8
A-FURN
 10
5.69025
 20
6.273325
 30
0.0
 11
5.725375
 21
6.25225
 31
0.0
  0
LINE
  5
767
  8
A-FURN
 10
5.725375
 20
6.25225
 30
0.0
 11
5.725375
 21
6.16795
 31
0.0
  0
LINE
  5
768
  8
A-FURN
 10
5.725375
 20
6.16795
 30
0.0
 11
5.739425
 21
6.16795
 31
0.0
  0
LINE
  5
769
  8
A-FURN
 10
5.739425
 20
6.16795
 30
0.0
 11
5.739425
 21
6.273325
 31
0.0
  0
LINE
  5
76A
  8
A-FURN
 10
5.739425
 20
6.273325
 30
0.0
 11
5.6481
 21
6.28035
 31
0.0
  0
LINE
  5
76B
  8
A-FURN
 10
5.472475
 20
6.28035
 30
0.0
 11
5.472475
 21
6.16795
 31
0.0
  0
LINE
  5
76C
  8
A-FURN
 10
5.472475
 20
6.16795
 30
0.0
 11
5.49355
 21
6.16795
 31
0.0
  0
LINE
  5
76D
  8
A-FURN
 10
5.49355
 20
6.16795
 30
0.0
 11
5.49355
 21
6.25225
 31
0.0
  0
LINE
  5
76E
  8
A-FURN
 10
5.49355
 20
6.25225
 30
0.0
 11
5.514625
 21
6.273325
 31
0.0
  0
LINE
  5
76F
  8
A-FURN
 10
5.514625
 20
6.273325
 30
0.0
 11
5.54975
 21
6.259275
 31
0.0
  0
LINE
  5
770
  8
A-FURN
 10
5.54975
 20
6.259275
 30
0.0
 11
5.54975
 21
6.16795
 31
0.0
  0
LINE
  5
771
  8
A-FURN
 10
5.54975
 20
6.16795
 30
0.0
 11
5.5638
 21
6.16795
 31
0.0
  0
LINE
  5
772
  8
A-FURN
 10
5.5638
 20
6.16795
 30
0.0
 11
5.5638
 21
6.273325
 31
0.0
  0
LINE
  5
773
  8
A-FURN
 10
5.5638
 20
6.273325
 30
0.0
 11
5.472475
 21
6.28035
 31
0.0
  0
LINE
  5
774
  8
A-FURN
 10
4.84725
 20
6.28035
 30
0.0
 11
4.84725
 21
6.174975
 31
0.0
  0
LINE
  5
775
  8
A-FURN
 10
4.84725
 20
6.174975
 30
0.0
 11
4.87535
 21
6.174975
 31
0.0
  0
LINE
  5
776
  8
A-FURN
 10
4.87535
 20
6.174975
 30
0.0
 11
4.868325
 21
6.25225
 31
0.0
  0
LINE
  5
777
  8
A-FURN
 10
4.868325
 20
6.25225
 30
0.0
 11
4.90345
 21
6.273325
 31
0.0
  0
LINE
  5
778
  8
A-FURN
 10
4.90345
 20
6.273325
 30
0.0
 11
4.924525
 21
6.259275
 31
0.0
  0
LINE
  5
779
  8
A-FURN
 10
4.924525
 20
6.259275
 30
0.0
 11
4.924525
 21
6.174975
 31
0.0
  0
LINE
  5
77A
  8
A-FURN
 10
4.924525
 20
6.174975
 30
0.0
 11
4.9456
 21
6.16795
 31
0.0
  0
LINE
  5
77B
  8
A-FURN
 10
4.9456
 20
6.16795
 30
0.0
 11
4.9456
 21
6.2663
 31
0.0
  0
LINE
  5
77C
  8
A-FURN
 10
4.9456
 20
6.2663
 30
0.0
 11
4.924525
 21
6.287375
 31
0.0
  0
LINE
  5
77D
  8
A-FURN
 10
4.924525
 20
6.287375
 30
0.0
 11
4.84725
 21
6.28035
 31
0.0
  0
LINE
  5
77E
  8
A-FURN
 10
4.755925
 20
6.287375
 30
0.0
 11
4.7208
 21
6.25225
 31
0.0
  0
LINE
  5
77F
  8
A-FURN
 10
4.7208
 20
6.25225
 30
0.0
 11
4.7208
 21
6.203075
 31
0.0
  0
LINE
  5
780
  8
A-FURN
 10
4.7208
 20
6.203075
 30
0.0
 11
4.777
 21
6.160925
 31
0.0
  0
LINE
  5
781
  8
A-FURN
 10
4.777
 20
6.160925
 30
0.0
 11
4.81915
 21
6.203075
 31
0.0
  0
LINE
  5
782
  8
A-FURN
 10
4.81915
 20
6.203075
 30
0.0
 11
4.76295
 21
6.182
 31
0.0
  0
LINE
  5
783
  8
A-FURN
 10
4.76295
 20
6.182
 30
0.0
 11
4.73485
 21
6.217125
 31
0.0
  0
LINE
  5
784
  8
A-FURN
 10
4.73485
 20
6.217125
 30
0.0
 11
4.812125
 21
6.22415
 31
0.0
  0
LINE
  5
785
  8
A-FURN
 10
4.812125
 20
6.22415
 30
0.0
 11
4.826175
 21
6.245225
 31
0.0
  0
LINE
  5
786
  8
A-FURN
 10
4.826175
 20
6.245225
 30
0.0
 11
4.8051
 21
6.28035
 31
0.0
  0
LINE
  5
787
  8
A-FURN
 10
4.8051
 20
6.28035
 30
0.0
 11
4.755925
 21
6.287375
 31
0.0
  0
LINE
  5
788
  8
A-FURN
 10
4.741875
 20
6.259275
 30
0.0
 11
4.784025
 21
6.273325
 31
0.0
  0
LINE
  5
789
  8
A-FURN
 10
4.784025
 20
6.273325
 30
0.0
 11
4.8051
 21
6.245225
 31
0.0
  0
LINE
  5
78A
  8
A-FURN
 10
4.8051
 20
6.245225
 30
0.0
 11
4.7489
 21
6.2382
 31
0.0
  0
LINE
  5
78B
  8
A-FURN
 10
4.7489
 20
6.2382
 30
0.0
 11
4.741875
 21
6.259275
 31
0.0
  0
LINE
  5
78C
  8
A-FURN
 10
4.51005
 20
6.287375
 30
0.0
 11
4.48195
 21
6.259275
 31
0.0
  0
LINE
  5
78D
  8
A-FURN
 10
4.48195
 20
6.259275
 30
0.0
 11
4.48195
 21
6.19605
 31
0.0
  0
LINE
  5
78E
  8
A-FURN
 10
4.48195
 20
6.19605
 30
0.0
 11
4.53815
 21
6.160925
 31
0.0
  0
LINE
  5
78F
  8
A-FURN
 10
4.53815
 20
6.160925
 30
0.0
 11
4.573275
 21
6.2101
 31
0.0
  0
LINE
  5
790
  8
A-FURN
 10
4.573275
 20
6.2101
 30
0.0
 11
4.517075
 21
6.182
 31
0.0
  0
LINE
  5
791
  8
A-FURN
 10
4.517075
 20
6.182
 30
0.0
 11
4.496
 21
6.2382
 31
0.0
  0
LINE
  5
792
  8
A-FURN
 10
4.496
 20
6.2382
 30
0.0
 11
4.5241
 21
6.273325
 31
0.0
  0
LINE
  5
793
  8
A-FURN
 10
4.5241
 20
6.273325
 30
0.0
 11
4.559225
 21
6.25225
 31
0.0
  0
LINE
  5
794
  8
A-FURN
 10
4.559225
 20
6.25225
 30
0.0
 11
4.573275
 21
6.2663
 31
0.0
  0
LINE
  5
795
  8
A-FURN
 10
4.573275
 20
6.2663
 30
0.0
 11
4.51005
 21
6.287375
 31
0.0
  0
LINE
  5
796
  8
A-FURN
 10
4.42575
 20
6.3225
 30
0.0
 11
4.4117
 21
6.28035
 31
0.0
  0
LINE
  5
797
  8
A-FURN
 10
4.4117
 20
6.28035
 30
0.0
 11
4.42575
 21
6.174975
 31
0.0
  0
LINE
  5
798
  8
A-FURN
 10
4.42575
 20
6.174975
 30
0.0
 11
4.45385
 21
6.160925
 31
0.0
  0
LINE
  5
799
  8
A-FURN
 10
4.45385
 20
6.160925
 30
0.0
 11
4.4398
 21
6.259275
 31
0.0
  0
LINE
  5
79A
  8
A-FURN
 10
4.4398
 20
6.259275
 30
0.0
 11
4.460875
 21
6.28035
 31
0.0
  0
LINE
  5
79B
  8
A-FURN
 10
4.460875
 20
6.28035
 30
0.0
 11
4.4398
 21
6.2943999999999996
 31
0.0
  0
LINE
  5
79C
  8
A-FURN
 10
4.4398
 20
6.2943999999999996
 30
0.0
 11
4.446825
 21
6.3225
 31
0.0
  0
LINE
  5
79D
  8
A-FURN
 10
4.446825
 20
6.3225
 30
0.0
 11
4.42575
 21
6.3225
 31
0.0
  0
LINE
  5
79E
  8
A-FURN
 10
6.006375
 20
6.329525
 30
0.0
 11
5.94315
 21
6.16795
 31
0.0
  0
LINE
  5
79F
  8
A-FURN
 10
5.94315
 20
6.16795
 30
0.0
 11
5.964225
 21
6.16795
 31
0.0
  0
LINE
  5
7A0
  8
A-FURN
 10
5.964225
 20
6.16795
 30
0.0
 11
5.9853
 21
6.217125
 31
0.0
  0
LINE
  5
7A1
  8
A-FURN
 10
5.9853
 20
6.217125
 30
0.0
 11
6.048525
 21
6.217125
 31
0.0
  0
LINE
  5
7A2
  8
A-FURN
 10
6.048525
 20
6.217125
 30
0.0
 11
6.062575
 21
6.174975
 31
0.0
  0
LINE
  5
7A3
  8
A-FURN
 10
6.062575
 20
6.174975
 30
0.0
 11
6.08365
 21
6.16795
 31
0.0
  0
LINE
  5
7A4
  8
A-FURN
 10
6.08365
 20
6.16795
 30
0.0
 11
6.034475
 21
6.315475
 31
0.0
  0
LINE
  5
7A5
  8
A-FURN
 10
6.034475
 20
6.315475
 30
0.0
 11
6.006375
 21
6.329525
 31
0.0
  0
LINE
  5
7A6
  8
A-FURN
 10
6.0134
 20
6.301425
 30
0.0
 11
6.0415
 21
6.25225
 31
0.0
  0
LINE
  5
7A7
  8
A-FURN
 10
6.0415
 20
6.25225
 30
0.0
 11
6.02745
 21
6.231175
 31
0.0
  0
LINE
  5
7A8
  8
A-FURN
 10
6.02745
 20
6.231175
 30
0.0
 11
5.9853
 21
6.245225
 31
0.0
  0
LINE
  5
7A9
  8
A-FURN
 10
5.9853
 20
6.245225
 30
0.0
 11
6.0134
 21
6.301425
 31
0.0
  0
LINE
  5
7AA
  8
A-FURN
 10
5.261725
 20
6.329525
 30
0.0
 11
5.261725
 21
6.174975
 31
0.0
  0
LINE
  5
7AB
  8
A-FURN
 10
5.261725
 20
6.174975
 30
0.0
 11
5.360075
 21
6.174975
 31
0.0
  0
LINE
  5
7AC
  8
A-FURN
 10
5.360075
 20
6.174975
 30
0.0
 11
5.3952
 21
6.231175
 31
0.0
  0
LINE
  5
7AD
  8
A-FURN
 10
5.3952
 20
6.231175
 30
0.0
 11
5.38115
 21
6.30845
 31
0.0
  0
LINE
  5
7AE
  8
A-FURN
 10
5.38115
 20
6.30845
 30
0.0
 11
5.35305
 21
6.329525
 31
0.0
  0
LINE
  5
7AF
  8
A-FURN
 10
5.35305
 20
6.329525
 30
0.0
 11
5.261725
 21
6.329525
 31
0.0
  0
LINE
  5
7B0
  8
A-FURN
 10
5.2898249999999996
 20
6.315475
 30
0.0
 11
5.35305
 21
6.30845
 31
0.0
  0
LINE
  5
7B1
  8
A-FURN
 10
5.35305
 20
6.30845
 30
0.0
 11
5.374125
 21
6.28035
 31
0.0
  0
LINE
  5
7B2
  8
A-FURN
 10
5.374125
 20
6.28035
 30
0.0
 11
5.374125
 21
6.217125
 31
0.0
  0
LINE
  5
7B3
  8
A-FURN
 10
5.374125
 20
6.217125
 30
0.0
 11
5.346025
 21
6.189025
 31
0.0
  0
LINE
  5
7B4
  8
A-FURN
 10
5.346025
 20
6.189025
 30
0.0
 11
5.2828
 21
6.189025
 31
0.0
  0
LINE
  5
7B5
  8
A-FURN
 10
5.2828
 20
6.189025
 30
0.0
 11
5.275775
 21
6.301425
 31
0.0
  0
LINE
  5
7B6
  8
A-FURN
 10
5.275775
 20
6.301425
 30
0.0
 11
5.2898249999999996
 21
6.315475
 31
0.0
  0
LINE
  5
7B7
  8
A-FURN
 10
5.60595
 20
6.33655
 30
0.0
 11
5.5919
 21
6.315475
 31
0.0
  0
LINE
  5
7B8
  8
A-FURN
 10
5.5919
 20
6.315475
 30
0.0
 11
5.62
 21
6.30845
 31
0.0
  0
LINE
  5
7B9
  8
A-FURN
 10
5.62
 20
6.30845
 30
0.0
 11
5.60595
 21
6.33655
 31
0.0
  0
LINE
  5
7BA
  8
A-FURN
 10
5.07205
 20
6.329525
 30
0.0
 11
5.058
 21
6.30845
 31
0.0
  0
LINE
  5
7BB
  8
A-FURN
 10
5.058
 20
6.30845
 30
0.0
 11
5.07205
 21
6.259275
 31
0.0
  0
LINE
  5
7BC
  8
A-FURN
 10
5.07205
 20
6.259275
 30
0.0
 11
5.036925
 21
6.22415
 31
0.0
  0
LINE
  5
7BD
  8
A-FURN
 10
5.036925
 20
6.22415
 30
0.0
 11
5.04395
 21
6.189025
 31
0.0
  0
LINE
  5
7BE
  8
A-FURN
 10
5.04395
 20
6.189025
 30
0.0
 11
5.07205
 21
6.16795
 31
0.0
  0
LINE
  5
7BF
  8
A-FURN
 10
5.07205
 20
6.16795
 30
0.0
 11
5.12825
 21
6.189025
 31
0.0
  0
LINE
  5
7C0
  8
A-FURN
 10
5.12825
 20
6.189025
 30
0.0
 11
5.1704
 21
6.16795
 31
0.0
  0
LINE
  5
7C1
  8
A-FURN
 10
5.1704
 20
6.16795
 30
0.0
 11
5.149325
 21
6.203075
 31
0.0
  0
LINE
  5
7C2
  8
A-FURN
 10
5.149325
 20
6.203075
 30
0.0
 11
5.163375
 21
6.2382
 31
0.0
  0
LINE
  5
7C3
  8
A-FURN
 10
5.163375
 20
6.2382
 30
0.0
 11
5.12825
 21
6.22415
 31
0.0
  0
LINE
  5
7C4
  8
A-FURN
 10
5.12825
 20
6.22415
 30
0.0
 11
5.107175
 21
6.245225
 31
0.0
  0
LINE
  5
7C5
  8
A-FURN
 10
5.107175
 20
6.245225
 30
0.0
 11
5.135275
 21
6.287375
 31
0.0
  0
LINE
  5
7C6
  8
A-FURN
 10
5.135275
 20
6.287375
 30
0.0
 11
5.12825
 21
6.3225
 31
0.0
  0
LINE
  5
7C7
  8
A-FURN
 10
5.12825
 20
6.3225
 30
0.0
 11
5.07205
 21
6.329525
 31
0.0
  0
LINE
  5
7C8
  8
A-FURN
 10
5.079075
 20
6.25225
 30
0.0
 11
5.121225
 21
6.2101
 31
0.0
  0
LINE
  5
7C9
  8
A-FURN
 10
5.121225
 20
6.2101
 30
0.0
 11
5.10015
 21
6.182
 31
0.0
  0
LINE
  5
7CA
  8
A-FURN
 10
5.10015
 20
6.182
 30
0.0
 11
5.050975
 21
6.2101
 31
0.0
  0
LINE
  5
7CB
  8
A-FURN
 10
5.050975
 20
6.2101
 30
0.0
 11
5.079075
 21
6.25225
 31
0.0
  0
LINE
  5
7CC
  8
A-FURN
 10
5.079075
 20
6.30845
 30
0.0
 11
5.107175
 21
6.315475
 31
0.0
  0
LINE
  5
7CD
  8
A-FURN
 10
5.107175
 20
6.315475
 30
0.0
 11
5.1142
 21
6.287375
 31
0.0
  0
LINE
  5
7CE
  8
A-FURN
 10
5.1142
 20
6.287375
 30
0.0
 11
5.0861
 21
6.273325
 31
0.0
  0
LINE
  5
7CF
  8
A-FURN
 10
5.0861
 20
6.273325
 30
0.0
 11
5.079075
 21
6.30845
 31
0.0
  0
LINE
  5
7D0
  8
A-FURN
 10
4.6084
 20
6.33655
 30
0.0
 11
4.59435
 21
6.3225
 31
0.0
  0
LINE
  5
7D1
  8
A-FURN
 10
4.59435
 20
6.3225
 30
0.0
 11
4.59435
 21
6.174975
 31
0.0
  0
LINE
  5
7D2
  8
A-FURN
 10
4.59435
 20
6.174975
 30
0.0
 11
4.615425
 21
6.16795
 31
0.0
  0
LINE
  5
7D3
  8
A-FURN
 10
4.615425
 20
6.16795
 30
0.0
 11
4.615425
 21
6.245225
 31
0.0
  0
LINE
  5
7D4
  8
A-FURN
 10
4.615425
 20
6.245225
 30
0.0
 11
4.657575
 21
6.273325
 31
0.0
  0
LINE
  5
7D5
  8
A-FURN
 10
4.657575
 20
6.273325
 30
0.0
 11
4.67865
 21
6.25225
 31
0.0
  0
LINE
  5
7D6
  8
A-FURN
 10
4.67865
 20
6.25225
 30
0.0
 11
4.671625
 21
6.174975
 31
0.0
  0
LINE
  5
7D7
  8
A-FURN
 10
4.671625
 20
6.174975
 30
0.0
 11
4.6927
 21
6.16795
 31
0.0
  0
LINE
  5
7D8
  8
A-FURN
 10
4.6927
 20
6.16795
 30
0.0
 11
4.6927
 21
6.2663
 31
0.0
  0
LINE
  5
7D9
  8
A-FURN
 10
4.6927
 20
6.2663
 30
0.0
 11
4.671625
 21
6.287375
 31
0.0
  0
LINE
  5
7DA
  8
A-FURN
 10
4.671625
 20
6.287375
 30
0.0
 11
4.62245
 21
6.273325
 31
0.0
  0
LINE
  5
7DB
  8
A-FURN
 10
4.62245
 20
6.273325
 30
0.0
 11
4.6084
 21
6.33655
 31
0.0
  0
LINE
  5
7DC
  8
A-FURN
 10
4.34145
 20
6.33655
 30
0.0
 11
4.250125
 21
6.25225
 31
0.0
  0
LINE
  5
7DD
  8
A-FURN
 10
4.250125
 20
6.25225
 30
0.0
 11
4.236075
 21
6.259275
 31
0.0
  0
LINE
  5
7DE
  8
A-FURN
 10
4.236075
 20
6.259275
 30
0.0
 11
4.2431
 21
6.3225
 31
0.0
  0
LINE
  5
7DF
  8
A-FURN
 10
4.2431
 20
6.3225
 30
0.0
 11
4.215
 21
6.3225
 31
0.0
  0
LINE
  5
7E0
  8
A-FURN
 10
4.215
 20
6.3225
 30
0.0
 11
4.222025
 21
6.16795
 31
0.0
  0
LINE
  5
7E1
  8
A-FURN
 10
4.222025
 20
6.16795
 30
0.0
 11
4.2431
 21
6.174975
 31
0.0
  0
LINE
  5
7E2
  8
A-FURN
 10
4.2431
 20
6.174975
 30
0.0
 11
4.236075
 21
6.22415
 31
0.0
  0
LINE
  5
7E3
  8
A-FURN
 10
4.236075
 20
6.22415
 30
0.0
 11
4.264175
 21
6.25225
 31
0.0
  0
LINE
  5
7E4
  8
A-FURN
 10
4.264175
 20
6.25225
 30
0.0
 11
4.31335
 21
6.182
 31
0.0
  0
LINE
  5
7E5
  8
A-FURN
 10
4.31335
 20
6.182
 30
0.0
 11
4.348475
 21
6.16795
 31
0.0
  0
LINE
  5
7E6
  8
A-FURN
 10
4.348475
 20
6.16795
 30
0.0
 11
4.28525
 21
6.259275
 31
0.0
  0
LINE
  5
7E7
  8
A-FURN
 10
4.28525
 20
6.259275
 30
0.0
 11
4.34145
 21
6.33655
 31
0.0
  0
LINE
  5
7E8
  8
A-WALL
 10
3.041825
 20
7.383275
 30
0.0
 11
3.02075
 21
7.369225
 31
0.0
  0
LINE
  5
7E9
  8
A-WALL
 10
3.02075
 20
7.369225
 30
0.0
 11
3.0067
 21
7.0812
 31
0.0
  0
LINE
  5
7EA
  8
A-WALL
 10
3.0067
 20
7.0812
 30
0.0
 11
2.7819
 21
7.074175
 31
0.0
  0
LINE
  5
7EB
  8
A-WALL
 10
2.7819
 20
7.074175
 30
0.0
 11
2.76785
 21
7.060125
 31
0.0
  0
LINE
  5
7EC
  8
A-WALL
 10
2.76785
 20
7.060125
 30
0.0
 11
2.774875
 21
6.72995
 31
0.0
  0
LINE
  5
7ED
  8
A-WALL
 10
2.774875
 20
6.72995
 30
0.0
 11
2.45875
 21
6.6878
 31
0.0
  0
LINE
  5
7EE
  8
A-WALL
 10
2.45875
 20
6.6878
 30
0.0
 11
2.45875
 21
6.287375
 31
0.0
  0
LINE
  5
7EF
  8
A-WALL
 10
2.45875
 20
6.287375
 30
0.0
 11
2.774875
 21
6.25225
 31
0.0
  0
LINE
  5
7F0
  8
A-WALL
 10
2.774875
 20
6.25225
 30
0.0
 11
2.774875
 21
6.0977
 31
0.0
  0
LINE
  5
7F1
  8
A-WALL
 10
2.774875
 20
6.0977
 30
0.0
 11
2.760825
 21
6.08365
 31
0.0
  0
LINE
  5
7F2
  8
A-WALL
 10
2.760825
 20
6.08365
 30
0.0
 11
2.45875
 21
6.062575
 31
0.0
  0
LINE
  5
7F3
  8
A-WALL
 10
2.45875
 20
6.062575
 30
0.0
 11
2.45875
 21
5.66215
 31
0.0
  0
LINE
  5
7F4
  8
A-WALL
 10
2.45875
 20
5.66215
 30
0.0
 11
2.774875
 21
5.627025
 31
0.0
  0
LINE
  5
7F5
  8
A-WALL
 10
2.774875
 20
5.627025
 30
0.0
 11
2.76785
 21
5.29685
 31
0.0
  0
LINE
  5
7F6
  8
A-WALL
 10
2.76785
 20
5.29685
 30
0.0
 11
2.7819
 21
5.2828
 31
0.0
  0
LINE
  5
7F7
  8
A-WALL
 10
2.7819
 20
5.2828
 30
0.0
 11
3.0067
 21
5.275775
 31
0.0
  0
LINE
  5
7F8
  8
A-WALL
 10
3.0067
 20
5.275775
 30
0.0
 11
3.02075
 21
4.980725
 31
0.0
  0
LINE
  5
7F9
  8
A-WALL
 10
3.02075
 20
4.980725
 30
0.0
 11
3.0348
 21
4.966675
 31
0.0
  0
LINE
  5
7FA
  8
A-WALL
 10
3.0348
 20
4.966675
 30
0.0
 11
3.4282
 21
4.966675
 31
0.0
  0
LINE
  5
7FB
  8
A-WALL
 10
3.4282
 20
4.966675
 30
0.0
 11
3.449275
 21
5.0299
 31
0.0
  0
LINE
  5
7FC
  8
A-WALL
 10
3.449275
 20
5.0299
 30
0.0
 11
3.4563
 21
5.26875
 31
0.0
  0
LINE
  5
7FD
  8
A-WALL
 10
3.4563
 20
5.26875
 30
0.0
 11
3.69515
 21
5.29685
 31
0.0
  0
LINE
  5
7FE
  8
A-WALL
 10
3.69515
 20
5.29685
 30
0.0
 11
3.688125
 21
5.627025
 31
0.0
  0
LINE
  5
7FF
  8
A-WALL
 10
3.688125
 20
5.627025
 30
0.0
 11
4.011275
 21
5.66215
 31
0.0
  0
LINE
  5
800
  8
A-WALL
 10
4.011275
 20
5.66215
 30
0.0
 11
4.011275
 21
6.062575
 31
0.0
  0
LINE
  5
801
  8
A-WALL
 10
4.011275
 20
6.062575
 30
0.0
 11
3.688125
 21
6.090675
 31
0.0
  0
LINE
  5
802
  8
A-WALL
 10
3.688125
 20
6.090675
 30
0.0
 11
3.688125
 21
6.25225
 31
0.0
  0
LINE
  5
803
  8
A-WALL
 10
3.688125
 20
6.25225
 30
0.0
 11
3.702175
 21
6.2663
 31
0.0
  0
LINE
  5
804
  8
A-WALL
 10
3.702175
 20
6.2663
 30
0.0
 11
4.011275
 21
6.287375
 31
0.0
  0
LINE
  5
805
  8
A-WALL
 10
4.011275
 20
6.287375
 30
0.0
 11
4.011275
 21
6.6878
 31
0.0
  0
LINE
  5
806
  8
A-WALL
 10
4.011275
 20
6.6878
 30
0.0
 11
3.688125
 21
6.722925
 31
0.0
  0
LINE
  5
807
  8
A-WALL
 10
3.688125
 20
6.722925
 30
0.0
 11
3.69515
 21
7.060125
 31
0.0
  0
LINE
  5
808
  8
A-WALL
 10
3.69515
 20
7.060125
 30
0.0
 11
3.4563
 21
7.0882249999999996
 31
0.0
  0
LINE
  5
809
  8
A-WALL
 10
3.4563
 20
7.0882249999999996
 30
0.0
 11
3.435225
 21
7.37625
 31
0.0
  0
LINE
  5
80A
  8
A-WALL
 10
3.435225
 20
7.37625
 30
0.0
 11
3.041825
 21
7.383275
 31
0.0
  0
LINE
  5
80B
  8
A-FURN
 10
3.0348
 20
5.050975
 30
0.0
 11
3.421175
 21
5.058
 31
0.0
  0
LINE
  5
80C
  8
A-FURN
 10
3.421175
 20
5.058
 30
0.0
 11
3.4282
 21
4.994775
 31
0.0
  0
LINE
  5
80D
  8
A-FURN
 10
3.4282
 20
4.994775
 30
0.0
 11
3.41415
 21
4.980725
 31
0.0
  0
LINE
  5
80E
  8
A-FURN
 10
3.41415
 20
4.980725
 30
0.0
 11
3.04885
 21
4.98775
 31
0.0
  0
LINE
  5
80F
  8
A-FURN
 10
3.04885
 20
4.98775
 30
0.0
 11
3.0348
 21
5.050975
 31
0.0
  0
LINE
  5
810
  8
A-FURN
 10
3.02075
 20
5.275775
 30
0.0
 11
3.435225
 21
5.2828
 31
0.0
  0
LINE
  5
811
  8
A-FURN
 10
3.435225
 20
5.2828
 30
0.0
 11
3.435225
 21
5.079075
 31
0.0
  0
LINE
  5
812
  8
A-FURN
 10
3.435225
 20
5.079075
 30
0.0
 11
3.041825
 21
5.07205
 31
0.0
  0
LINE
  5
813
  8
A-FURN
 10
3.041825
 20
5.07205
 30
0.0
 11
3.02075
 21
5.275775
 31
0.0
  0
LINE
  5
814
  8
A-FURN
 10
3.934
 20
6.062575
 30
0.0
 11
3.997225
 21
6.0415
 31
0.0
  0
LINE
  5
815
  8
A-FURN
 10
3.997225
 20
6.0415
 30
0.0
 11
3.997225
 21
5.6762
 31
0.0
  0
LINE
  5
816
  8
A-FURN
 10
3.997225
 20
5.6762
 30
0.0
 11
3.941025
 21
5.66215
 31
0.0
  0
LINE
  5
817
  8
A-FURN
 10
3.941025
 20
5.66215
 30
0.0
 11
3.91995
 21
5.6762
 31
0.0
  0
LINE
  5
818
  8
A-FURN
 10
3.91995
 20
5.6762
 30
0.0
 11
3.91995
 21
6.048525
 31
0.0
  0
LINE
  5
819
  8
A-FURN
 10
3.91995
 20
6.048525
 30
0.0
 11
3.934
 21
6.062575
 31
0.0
  0
LINE
  5
81A
  8
A-WALL
 10
2.521975
 20
6.062575
 30
0.0
 11
2.550075
 21
6.048525
 31
0.0
  0
LINE
  5
81B
  8
A-WALL
 10
2.550075
 20
6.048525
 30
0.0
 11
2.550075
 21
5.6762
 31
0.0
  0
LINE
  5
81C
  8
A-WALL
 10
2.550075
 20
5.6762
 30
0.0
 11
2.536025
 21
5.66215
 31
0.0
  0
LINE
  5
81D
  8
A-WALL
 10
2.536025
 20
5.66215
 30
0.0
 11
2.465775
 21
5.683225
 31
0.0
  0
LINE
  5
81E
  8
A-WALL
 10
2.465775
 20
5.683225
 30
0.0
 11
2.465775
 21
6.034475
 31
0.0
  0
LINE
  5
81F
  8
A-WALL
 10
2.465775
 20
6.034475
 30
0.0
 11
2.521975
 21
6.062575
 31
0.0
  0
LINE
  5
820
  8
A-FURN
 10
3.69515
 20
6.0696
 30
0.0
 11
3.9059
 21
6.05555
 31
0.0
  0
LINE
  5
821
  8
A-FURN
 10
3.9059
 20
6.05555
 30
0.0
 11
3.898875
 21
5.66215
 31
0.0
  0
LINE
  5
822
  8
A-FURN
 10
3.898875
 20
5.66215
 30
0.0
 11
3.7092
 21
5.6481
 31
0.0
  0
LINE
  5
823
  8
A-FURN
 10
3.7092
 20
5.6481
 30
0.0
 11
3.688125
 21
5.66215
 31
0.0
  0
LINE
  5
824
  8
A-FURN
 10
3.688125
 20
5.66215
 30
0.0
 11
3.69515
 21
6.0696
 31
0.0
  0
LINE
  5
825
  8
A-FURN
 10
2.57115
 20
6.062575
 30
0.0
 11
2.774875
 21
6.062575
 31
0.0
  0
LINE
  5
826
  8
A-FURN
 10
2.774875
 20
6.062575
 30
0.0
 11
2.774875
 21
5.66215
 31
0.0
  0
LINE
  5
827
  8
A-FURN
 10
2.774875
 20
5.66215
 30
0.0
 11
2.760825
 21
5.6481
 31
0.0
  0
LINE
  5
828
  8
A-FURN
 10
2.760825
 20
5.6481
 30
0.0
 11
2.564125
 21
5.669175
 31
0.0
  0
LINE
  5
829
  8
A-FURN
 10
2.564125
 20
5.669175
 30
0.0
 11
2.5571
 21
6.048525
 31
0.0
  0
LINE
  5
82A
  8
A-FURN
 10
2.5571
 20
6.048525
 30
0.0
 11
2.57115
 21
6.062575
 31
0.0
  0
LINE
  5
82B
  8
A-FURN
 10
3.934
 20
6.6878
 30
0.0
 11
3.997225
 21
6.67375
 31
0.0
  0
LINE
  5
82C
  8
A-FURN
 10
3.997225
 20
6.67375
 30
0.0
 11
3.997225
 21
6.30845
 31
0.0
  0
LINE
  5
82D
  8
A-FURN
 10
3.997225
 20
6.30845
 30
0.0
 11
3.983175
 21
6.2943999999999996
 31
0.0
  0
LINE
  5
82E
  8
A-FURN
 10
3.983175
 20
6.2943999999999996
 30
0.0
 11
3.91995
 21
6.30845
 31
0.0
  0
LINE
  5
82F
  8
A-FURN
 10
3.91995
 20
6.30845
 30
0.0
 11
3.91995
 21
6.67375
 31
0.0
  0
LINE
  5
830
  8
A-FURN
 10
3.91995
 20
6.67375
 30
0.0
 11
3.934
 21
6.6878
 31
0.0
  0
LINE
  5
831
  8
A-WALL
 10
2.536025
 20
6.6878
 30
0.0
 11
2.54305
 21
6.301425
 31
0.0
  0
LINE
  5
832
  8
A-WALL
 10
2.54305
 20
6.301425
 30
0.0
 11
2.48685
 21
6.2943999999999996
 31
0.0
  0
LINE
  5
833
  8
A-WALL
 10
2.48685
 20
6.2943999999999996
 30
0.0
 11
2.465775
 21
6.30845
 31
0.0
  0
LINE
  5
834
  8
A-WALL
 10
2.465775
 20
6.30845
 30
0.0
 11
2.465775
 21
6.666725
 31
0.0
  0
LINE
  5
835
  8
A-WALL
 10
2.465775
 20
6.666725
 30
0.0
 11
2.536025
 21
6.6878
 31
0.0
  0
LINE
  5
836
  8
A-FURN
 10
3.702175
 20
6.70185
 30
0.0
 11
3.9059
 21
6.680775
 31
0.0
  0
LINE
  5
837
  8
A-FURN
 10
3.9059
 20
6.680775
 30
0.0
 11
3.898875
 21
6.287375
 31
0.0
  0
LINE
  5
838
  8
A-FURN
 10
3.898875
 20
6.287375
 30
0.0
 11
3.688125
 21
6.287375
 31
0.0
  0
LINE
  5
839
  8
A-FURN
 10
3.688125
 20
6.287375
 30
0.0
 11
3.688125
 21
6.6878
 31
0.0
  0
LINE
  5
83A
  8
A-FURN
 10
3.688125
 20
6.6878
 30
0.0
 11
3.702175
 21
6.70185
 31
0.0
  0
LINE
  5
83B
  8
A-FURN
 10
2.760825
 20
6.70185
 30
0.0
 11
2.774875
 21
6.6878
 31
0.0
  0
LINE
  5
83C
  8
A-FURN
 10
2.774875
 20
6.6878
 30
0.0
 11
2.774875
 21
6.287375
 31
0.0
  0
LINE
  5
83D
  8
A-FURN
 10
2.774875
 20
6.287375
 30
0.0
 11
2.7538
 21
6.273325
 31
0.0
  0
LINE
  5
83E
  8
A-FURN
 10
2.7538
 20
6.273325
 30
0.0
 11
2.57115
 21
6.287375
 31
0.0
  0
LINE
  5
83F
  8
A-FURN
 10
2.57115
 20
6.287375
 30
0.0
 11
2.564125
 21
6.680775
 31
0.0
  0
LINE
  5
840
  8
A-FURN
 10
2.564125
 20
6.680775
 30
0.0
 11
2.760825
 21
6.70185
 31
0.0
  0
LINE
  5
841
  8
A-WALL
 10
2.79595
 20
7.060125
 30
0.0
 11
3.66705
 21
7.060125
 31
0.0
  0
LINE
  5
842
  8
A-WALL
 10
3.66705
 20
7.060125
 30
0.0
 11
3.6811
 21
7.046075
 31
0.0
  0
LINE
  5
843
  8
A-WALL
 10
3.6811
 20
7.046075
 30
0.0
 11
3.6811
 21
5.3109
 31
0.0
  0
LINE
  5
844
  8
A-WALL
 10
3.6811
 20
5.3109
 30
0.0
 11
3.66705
 21
5.29685
 31
0.0
  0
LINE
  5
845
  8
A-WALL
 10
3.66705
 20
5.29685
 30
0.0
 11
2.788925
 21
5.303875
 31
0.0
  0
LINE
  5
846
  8
A-WALL
 10
2.788925
 20
5.303875
 30
0.0
 11
2.79595
 21
7.060125
 31
0.0
  0
LINE
  5
847
  8
A-WALL
 10
3.0348
 20
7.2779
 30
0.0
 11
3.421175
 21
7.284925
 31
0.0
  0
LINE
  5
848
  8
A-WALL
 10
3.421175
 20
7.284925
 30
0.0
 11
3.44225
 21
7.0812
 31
0.0
  0
LINE
  5
849
  8
A-WALL
 10
3.44225
 20
7.0812
 30
0.0
 11
3.027775
 21
7.074175
 31
0.0
  0
LINE
  5
84A
  8
A-WALL
 10
3.027775
 20
7.074175
 30
0.0
 11
3.0348
 21
7.2779
 31
0.0
  0
LINE
  5
84B
  8
A-WALL
 10
3.0348
 20
7.355175
 30
0.0
 11
3.055875
 21
7.369225
 31
0.0
  0
LINE
  5
84C
  8
A-WALL
 10
3.055875
 20
7.369225
 30
0.0
 11
3.41415
 21
7.369225
 31
0.0
  0
LINE
  5
84D
  8
A-WALL
 10
3.41415
 20
7.369225
 30
0.0
 11
3.4282
 21
7.298975
 31
0.0
  0
LINE
  5
84E
  8
A-WALL
 10
3.4282
 20
7.298975
 30
0.0
 11
3.041825
 21
7.29195
 31
0.0
  0
LINE
  5
84F
  8
A-WALL
 10
3.041825
 20
7.29195
 30
0.0
 11
3.0348
 21
7.355175
 31
0.0
  0
LINE
  5
850
  8
A-WALL
 10
8.380825
 20
7.79775
 30
0.0
 11
8.408925
 21
7.8118
 31
0.0
  0
LINE
  5
851
  8
A-WALL
 10
8.408925
 20
7.8118
 30
0.0
 11
8.984975
 21
7.8118
 31
0.0
  0
LINE
  5
852
  8
A-WALL
 10
8.984975
 20
7.8118
 30
0.0
 11
9.00605
 21
7.790725
 31
0.0
  0
LINE
  5
853
  8
A-WALL
 10
9.00605
 20
7.790725
 30
0.0
 11
9.00605
 21
7.748575
 31
0.0
  0
LINE
  5
854
  8
A-WALL
 10
9.00605
 20
7.748575
 30
0.0
 11
8.992
 21
7.7275
 31
0.0
  0
LINE
  5
855
  8
A-WALL
 10
8.992
 20
7.7275
 30
0.0
 11
8.9358
 21
7.7837
 31
0.0
  0
LINE
  5
856
  8
A-WALL
 10
8.9358
 20
7.7837
 30
0.0
 11
8.41595
 21
7.7837
 31
0.0
  0
LINE
  5
857
  8
A-WALL
 10
8.41595
 20
7.7837
 30
0.0
 11
8.380825
 21
7.79775
 31
0.0
  0
LINE
  5
858
  8
A-WALL
 10
8.21925
 20
7.804775
 30
0.0
 11
8.21925
 21
7.790725
 31
0.0
  0
LINE
  5
859
  8
A-WALL
 10
8.21925
 20
7.790725
 30
0.0
 11
7.82585
 21
7.7837
 31
0.0
  0
LINE
  5
85A
  8
A-WALL
 10
7.82585
 20
7.7837
 30
0.0
 11
7.4184
 21
7.790725
 31
0.0
  0
LINE
  5
85B
  8
A-WALL
 10
7.4184
 20
7.790725
 30
0.0
 11
7.355175
 21
7.748575
 31
0.0
  0
LINE
  5
85C
  8
A-WALL
 10
7.355175
 20
7.748575
 30
0.0
 11
7.34815
 21
5.205525
 31
0.0
  0
LINE
  5
85D
  8
A-WALL
 10
7.34815
 20
5.205525
 30
0.0
 11
7.3622
 21
5.1704
 31
0.0
  0
LINE
  5
85E
  8
A-WALL
 10
7.3622
 20
5.1704
 30
0.0
 11
7.411375
 21
5.135275
 31
0.0
  0
LINE
  5
85F
  8
A-WALL
 10
7.411375
 20
5.135275
 30
0.0
 11
7.397325
 21
5.121225
 31
0.0
  0
LINE
  5
860
  8
A-WALL
 10
7.397325
 20
5.121225
 30
0.0
 11
7.200625
 21
5.121225
 31
0.0
  0
LINE
  5
861
  8
A-WALL
 10
7.200625
 20
5.121225
 30
0.0
 11
7.186575
 21
5.135275
 31
0.0
  0
LINE
  5
862
  8
A-WALL
 10
7.186575
 20
5.135275
 30
0.0
 11
7.186575
 21
7.74155
 31
0.0
  0
LINE
  5
863
  8
A-WALL
 10
7.186575
 20
7.74155
 30
0.0
 11
7.1374
 21
7.804775
 31
0.0
  0
LINE
  5
864
  8
A-WALL
 10
7.1374
 20
7.804775
 30
0.0
 11
8.21925
 21
7.804775
 31
0.0
  0
LINE
  5
865
  8
A-WALL
 10
2.058325
 20
7.8118
 30
0.0
 11
2.06535
 21
7.79775
 31
0.0
  0
LINE
  5
866
  8
A-WALL
 10
2.06535
 20
7.79775
 30
0.0
 11
2.0232
 21
7.7556
 31
0.0
  0
LINE
  5
867
  8
A-WALL
 10
2.0232
 20
7.7556
 30
0.0
 11
2.016175
 21
7.79775
 31
0.0
  0
LINE
  5
868
  8
A-WALL
 10
2.016175
 20
7.79775
 30
0.0
 11
2.058325
 21
7.8118
 31
0.0
  0
ENDSEC
  0
EOF
